original_sample_name,query,asv_read_index,asv_read_raw,asv_pa
E001,ASV1,0.003267418622457047,256,1
E001,ASV10,0,0,0
E001,ASV11,0,0,0
E001,ASV12,0.5453445913727563,5072,1
E001,ASV122,0,0,0
E001,ASV13,0,0,0
E001,ASV135,0,0,0
E001,ASV137,0,0,0
E001,ASV14,0,0,0
E001,ASV155,0,0,0
E001,ASV163,0,0,0
E001,ASV177,0,0,0
E001,ASV191,0,0,0
E001,ASV2,0.031088122243528516,55,1
E001,ASV20,0,0,0
E001,ASV21,0,0,0
E001,ASV24,0,0,0
E001,ASV25,0,0,0
E001,ASV262,0,0,0
E001,ASV27,0,0,0
E001,ASV271,0,0,0
E001,ASV286,0,0,0
E001,ASV297,0,0,0
E001,ASV30,0,0,0
E001,ASV31,0,0,0
E001,ASV33,0,0,0
E001,ASV34,0,0,0
E001,ASV39,0,0,0
E001,ASV4,0,0,0
E001,ASV41,0,0,0
E001,ASV45,0,0,0
E001,ASV46,0,0,0
E001,ASV47,1,2301,1
E001,ASV5,0.08633264298093227,6722,1
E001,ASV50,0,0,0
E001,ASV513,0,0,0
E001,ASV52,0,0,0
E001,ASV534,0,0,0
E001,ASV58,0,0,0
E001,ASV6,0,0,0
E001,ASV616,0,0,0
E001,ASV62,0,0,0
E001,ASV633,0,0,0
E001,ASV67,0,0,0
E001,ASV68,0,0,0
E001,ASV7,0,0,0
E001,ASV70,0,0,0
E001,ASV719,0,0,0
E001,ASV72,0,0,0
E001,ASV75,0,0,0
E001,ASV8,0,0,0
E001,ASV84,0,0,0
E001,ASV9,0,0,0
E001,ASV91,0,0,0
E001,ASV97,0,0,0
E002,ASV1,0.09159532579209174,5566,1
E002,ASV10,0.20150022542111973,7570,1
E002,ASV11,0,0,0
E002,ASV12,0.7944882321918612,5731,1
E002,ASV122,0,0,0
E002,ASV13,0,0,0
E002,ASV135,0,0,0
E002,ASV137,0,0,0
E002,ASV14,0,0,0
E002,ASV155,0,0,0
E002,ASV163,0,0,0
E002,ASV177,0,0,0
E002,ASV191,0,0,0
E002,ASV2,0.04299808443647891,59,1
E002,ASV20,0,0,0
E002,ASV21,0,0,0
E002,ASV24,0,0,0
E002,ASV25,0,0,0
E002,ASV262,0,0,0
E002,ASV27,0,0,0
E002,ASV271,0,0,0
E002,ASV286,0,0,0
E002,ASV297,0,0,0
E002,ASV30,0,0,0
E002,ASV31,0,0,0
E002,ASV33,0,0,0
E002,ASV34,0,0,0
E002,ASV39,0,0,0
E002,ASV4,0,0,0
E002,ASV41,1,4326,1
E002,ASV45,0,0,0
E002,ASV46,0,0,0
E002,ASV47,0.22525515024511833,402,1
E002,ASV5,0,0,0
E002,ASV50,0,0,0
E002,ASV513,0,0,0
E002,ASV52,0,0,0
E002,ASV534,0,0,0
E002,ASV58,0,0,0
E002,ASV6,0,0,0
E002,ASV616,0,0,0
E002,ASV62,0,0,0
E002,ASV633,0,0,0
E002,ASV67,0,0,0
E002,ASV68,0,0,0
E002,ASV7,0,0,0
E002,ASV70,0,0,0
E002,ASV719,0,0,0
E002,ASV72,0,0,0
E002,ASV75,0,0,0
E002,ASV8,0,0,0
E002,ASV84,0,0,0
E002,ASV9,0,0,0
E002,ASV91,0,0,0
E002,ASV97,0,0,0
E003,ASV1,0.283403127038336,19013,1
E003,ASV10,0,0,0
E003,ASV11,0,0,0
E003,ASV12,0,0,0
E003,ASV122,0,0,0
E003,ASV13,0,0,0
E003,ASV135,0,0,0
E003,ASV137,0,0,0
E003,ASV14,1,6983,1
E003,ASV155,0.06230821716462052,295,1
E003,ASV163,0,0,0
E003,ASV177,0,0,0
E003,ASV191,0,0,0
E003,ASV2,0,0,0
E003,ASV20,0,0,0
E003,ASV21,0,0,0
E003,ASV24,0,0,0
E003,ASV25,0,0,0
E003,ASV262,0,0,0
E003,ASV27,0,0,0
E003,ASV271,0,0,0
E003,ASV286,0,0,0
E003,ASV297,0,0,0
E003,ASV30,0.06231850609288311,64,1
E003,ASV31,0,0,0
E003,ASV33,0,0,0
E003,ASV34,0,0,0
E003,ASV39,0,0,0
E003,ASV4,0,0,0
E003,ASV41,0,0,0
E003,ASV45,0,0,0
E003,ASV46,0,0,0
E003,ASV47,0,0,0
E003,ASV5,0,0,0
E003,ASV50,0,0,0
E003,ASV513,0,0,0
E003,ASV52,0,0,0
E003,ASV534,0,0,0
E003,ASV58,0,0,0
E003,ASV6,0,0,0
E003,ASV616,0,0,0
E003,ASV62,0,0,0
E003,ASV633,0,0,0
E003,ASV67,0,0,0
E003,ASV68,0,0,0
E003,ASV7,0,0,0
E003,ASV70,0,0,0
E003,ASV719,0,0,0
E003,ASV72,0,0,0
E003,ASV75,0,0,0
E003,ASV8,0,0,0
E003,ASV84,0,0,0
E003,ASV9,0,0,0
E003,ASV91,0,0,0
E003,ASV97,0,0,0
E004,ASV1,0.08273593780692891,7434,1
E004,ASV10,0,0,0
E004,ASV11,0,0,0
E004,ASV12,0,0,0
E004,ASV122,0,0,0
E004,ASV13,0,0,0
E004,ASV135,0,0,0
E004,ASV137,0,0,0
E004,ASV14,0,0,0
E004,ASV155,0,0,0
E004,ASV163,0,0,0
E004,ASV177,0,0,0
E004,ASV191,0,0,0
E004,ASV2,0,0,0
E004,ASV20,0,0,0
E004,ASV21,0,0,0
E004,ASV24,0,0,0
E004,ASV25,0,0,0
E004,ASV262,0,0,0
E004,ASV27,0,0,0
E004,ASV271,0,0,0
E004,ASV286,0,0,0
E004,ASV297,0,0,0
E004,ASV30,0.37369546402808784,514,1
E004,ASV31,0,0,0
E004,ASV33,1,22808,1
E004,ASV34,0,0,0
E004,ASV39,0,0,0
E004,ASV4,0,0,0
E004,ASV41,0,0,0
E004,ASV45,0,0,0
E004,ASV46,0,0,0
E004,ASV47,0,0,0
E004,ASV5,0,0,0
E004,ASV50,0,0,0
E004,ASV513,0,0,0
E004,ASV52,0,0,0
E004,ASV534,0,0,0
E004,ASV58,0,0,0
E004,ASV6,0,0,0
E004,ASV616,0,0,0
E004,ASV62,0,0,0
E004,ASV633,0,0,0
E004,ASV67,0,0,0
E004,ASV68,0,0,0
E004,ASV7,0,0,0
E004,ASV70,0,0,0
E004,ASV719,0,0,0
E004,ASV72,0,0,0
E004,ASV75,0,0,0
E004,ASV8,0,0,0
E004,ASV84,0,0,0
E004,ASV9,0,0,0
E004,ASV91,0,0,0
E004,ASV97,0,0,0
E005,ASV1,0.7559537522357925,902,1
E005,ASV10,0,0,0
E005,ASV11,0,0,0
E005,ASV12,0,0,0
E005,ASV122,0,0,0
E005,ASV13,0,0,0
E005,ASV135,0,0,0
E005,ASV137,0,0,0
E005,ASV14,0,0,0
E005,ASV155,0,0,0
E005,ASV163,0,0,0
E005,ASV177,0,0,0
E005,ASV191,0,0,0
E005,ASV2,0,0,0
E005,ASV20,0,0,0
E005,ASV21,0,0,0
E005,ASV24,0,0,0
E005,ASV25,0,0,0
E005,ASV262,0,0,0
E005,ASV27,0,0,0
E005,ASV271,0,0,0
E005,ASV286,0,0,0
E005,ASV297,0,0,0
E005,ASV30,0,0,0
E005,ASV31,0,0,0
E005,ASV33,0,0,0
E005,ASV34,0,0,0
E005,ASV39,0,0,0
E005,ASV4,0,0,0
E005,ASV41,0,0,0
E005,ASV45,0,0,0
E005,ASV46,0,0,0
E005,ASV47,0,0,0
E005,ASV5,0,0,0
E005,ASV50,0,0,0
E005,ASV513,0,0,0
E005,ASV52,0,0,0
E005,ASV534,0,0,0
E005,ASV58,0,0,0
E005,ASV6,0,0,0
E005,ASV616,0,0,0
E005,ASV62,0,0,0
E005,ASV633,0,0,0
E005,ASV67,0,0,0
E005,ASV68,0,0,0
E005,ASV7,0,0,0
E005,ASV70,0,0,0
E005,ASV719,0,0,0
E005,ASV72,0,0,0
E005,ASV75,0,0,0
E005,ASV8,0,0,0
E005,ASV84,0,0,0
E005,ASV9,0,0,0
E005,ASV91,0,0,0
E005,ASV97,0,0,0
E006,ASV1,0.3330009561809009,12767,1
E006,ASV10,0,0,0
E006,ASV11,0,0,0
E006,ASV12,0,0,0
E006,ASV122,0,0,0
E006,ASV13,0,0,0
E006,ASV135,0,0,0
E006,ASV137,0,0,0
E006,ASV14,0,0,0
E006,ASV155,0,0,0
E006,ASV163,0,0,0
E006,ASV177,0,0,0
E006,ASV191,0,0,0
E006,ASV2,0,0,0
E006,ASV20,0,0,0
E006,ASV21,0,0,0
E006,ASV24,0,0,0
E006,ASV25,0,0,0
E006,ASV262,0,0,0
E006,ASV27,0,0,0
E006,ASV271,0,0,0
E006,ASV286,0,0,0
E006,ASV297,0,0,0
E006,ASV30,0.3118105332981366,183,1
E006,ASV31,0,0,0
E006,ASV33,0,0,0
E006,ASV34,0,0,0
E006,ASV39,0,0,0
E006,ASV4,0,0,0
E006,ASV41,0,0,0
E006,ASV45,0,0,0
E006,ASV46,0,0,0
E006,ASV47,0,0,0
E006,ASV5,0,0,0
E006,ASV50,0,0,0
E006,ASV513,0,0,0
E006,ASV52,0,0,0
E006,ASV534,0,0,0
E006,ASV58,0,0,0
E006,ASV6,0.008005006869752977,170,1
E006,ASV616,0,0,0
E006,ASV62,0,0,0
E006,ASV633,0,0,0
E006,ASV67,0,0,0
E006,ASV68,0,0,0
E006,ASV7,0,0,0
E006,ASV70,0,0,0
E006,ASV719,0,0,0
E006,ASV72,0,0,0
E006,ASV75,0,0,0
E006,ASV8,0,0,0
E006,ASV84,0,0,0
E006,ASV9,0,0,0
E006,ASV91,0,0,0
E006,ASV97,0,0,0
E007,ASV1,0.9951847674897976,8850,1
E007,ASV10,0,0,0
E007,ASV11,0,0,0
E007,ASV12,0,0,0
E007,ASV122,0,0,0
E007,ASV13,0,0,0
E007,ASV135,0,0,0
E007,ASV137,0,0,0
E007,ASV14,0,0,0
E007,ASV155,0,0,0
E007,ASV163,0,0,0
E007,ASV177,0,0,0
E007,ASV191,0,0,0
E007,ASV2,0,0,0
E007,ASV20,0,0,0
E007,ASV21,0,0,0
E007,ASV24,0,0,0
E007,ASV25,0,0,0
E007,ASV262,0,0,0
E007,ASV27,0,0,0
E007,ASV271,0,0,0
E007,ASV286,0,0,0
E007,ASV297,0,0,0
E007,ASV30,0,0,0
E007,ASV31,0,0,0
E007,ASV33,0,0,0
E007,ASV34,0,0,0
E007,ASV39,0,0,0
E007,ASV4,0,0,0
E007,ASV41,0,0,0
E007,ASV45,0,0,0
E007,ASV46,0,0,0
E007,ASV47,0,0,0
E007,ASV5,0,0,0
E007,ASV50,0,0,0
E007,ASV513,0,0,0
E007,ASV52,0,0,0
E007,ASV534,0,0,0
E007,ASV58,0,0,0
E007,ASV6,0,0,0
E007,ASV616,0,0,0
E007,ASV62,0,0,0
E007,ASV633,0,0,0
E007,ASV67,0,0,0
E007,ASV68,0,0,0
E007,ASV7,0,0,0
E007,ASV70,0,0,0
E007,ASV719,0,0,0
E007,ASV72,0,0,0
E007,ASV75,0,0,0
E007,ASV8,0,0,0
E007,ASV84,0,0,0
E007,ASV9,0,0,0
E007,ASV91,0,0,0
E007,ASV97,0,0,0
E008,ASV1,0,0,0
E008,ASV10,0,0,0
E008,ASV11,0,0,0
E008,ASV12,0,0,0
E008,ASV122,0,0,0
E008,ASV13,0,0,0
E008,ASV135,0,0,0
E008,ASV137,0,0,0
E008,ASV14,0,0,0
E008,ASV155,0,0,0
E008,ASV163,0,0,0
E008,ASV177,0,0,0
E008,ASV191,0,0,0
E008,ASV2,0,0,0
E008,ASV20,0,0,0
E008,ASV21,0,0,0
E008,ASV24,0,0,0
E008,ASV25,0,0,0
E008,ASV262,0,0,0
E008,ASV27,0,0,0
E008,ASV271,0,0,0
E008,ASV286,0,0,0
E008,ASV297,0,0,0
E008,ASV30,1,110,1
E008,ASV31,0,0,0
E008,ASV33,0,0,0
E008,ASV34,0,0,0
E008,ASV39,0,0,0
E008,ASV4,0,0,0
E008,ASV41,0,0,0
E008,ASV45,0,0,0
E008,ASV46,0,0,0
E008,ASV47,0,0,0
E008,ASV5,0,0,0
E008,ASV50,0,0,0
E008,ASV513,1,102,1
E008,ASV52,0,0,0
E008,ASV534,0,0,0
E008,ASV58,0,0,0
E008,ASV6,0,0,0
E008,ASV616,0,0,0
E008,ASV62,0,0,0
E008,ASV633,0,0,0
E008,ASV67,0,0,0
E008,ASV68,0,0,0
E008,ASV7,0,0,0
E008,ASV70,0,0,0
E008,ASV719,0,0,0
E008,ASV72,0,0,0
E008,ASV75,0,0,0
E008,ASV8,0,0,0
E008,ASV84,0,0,0
E008,ASV9,0,0,0
E008,ASV91,0,0,0
E008,ASV97,0,0,0
E010,ASV1,0,0,0
E010,ASV10,0,0,0
E010,ASV11,0,0,0
E010,ASV12,0,0,0
E010,ASV122,0,0,0
E010,ASV13,0,0,0
E010,ASV135,0,0,0
E010,ASV137,0,0,0
E010,ASV14,0,0,0
E010,ASV155,0,0,0
E010,ASV163,0,0,0
E010,ASV177,0,0,0
E010,ASV191,0,0,0
E010,ASV2,0,0,0
E010,ASV20,0,0,0
E010,ASV21,0,0,0
E010,ASV24,0,0,0
E010,ASV25,0,0,0
E010,ASV262,0,0,0
E010,ASV27,0,0,0
E010,ASV271,0,0,0
E010,ASV286,0,0,0
E010,ASV297,0,0,0
E010,ASV30,0,0,0
E010,ASV31,0,0,0
E010,ASV33,0,0,0
E010,ASV34,0,0,0
E010,ASV39,0,0,0
E010,ASV4,0,0,0
E010,ASV41,0,0,0
E010,ASV45,0,0,0
E010,ASV46,0,0,0
E010,ASV47,0,0,0
E010,ASV5,0,0,0
E010,ASV50,0,0,0
E010,ASV513,0,0,0
E010,ASV52,0,0,0
E010,ASV534,0,0,0
E010,ASV58,0,0,0
E010,ASV6,0,0,0
E010,ASV616,0,0,0
E010,ASV62,0,0,0
E010,ASV633,0,0,0
E010,ASV67,0,0,0
E010,ASV68,0,0,0
E010,ASV7,0,0,0
E010,ASV70,0,0,0
E010,ASV719,0,0,0
E010,ASV72,0,0,0
E010,ASV75,0,0,0
E010,ASV8,0,0,0
E010,ASV84,0,0,0
E010,ASV9,0,0,0
E010,ASV91,0,0,0
E010,ASV97,0,0,0
E011,ASV1,0,0,0
E011,ASV10,0,0,0
E011,ASV11,0,0,0
E011,ASV12,0,0,0
E011,ASV122,0,0,0
E011,ASV13,0,0,0
E011,ASV135,0,0,0
E011,ASV137,0,0,0
E011,ASV14,0,0,0
E011,ASV155,0,0,0
E011,ASV163,0,0,0
E011,ASV177,0,0,0
E011,ASV191,0,0,0
E011,ASV2,0,0,0
E011,ASV20,0,0,0
E011,ASV21,0,0,0
E011,ASV24,0,0,0
E011,ASV25,0,0,0
E011,ASV262,0,0,0
E011,ASV27,0,0,0
E011,ASV271,0,0,0
E011,ASV286,0,0,0
E011,ASV297,0,0,0
E011,ASV30,0,0,0
E011,ASV31,0,0,0
E011,ASV33,0,0,0
E011,ASV34,0,0,0
E011,ASV39,0,0,0
E011,ASV4,0,0,0
E011,ASV41,0,0,0
E011,ASV45,0,0,0
E011,ASV46,0,0,0
E011,ASV47,0,0,0
E011,ASV5,0,0,0
E011,ASV50,0,0,0
E011,ASV513,0,0,0
E011,ASV52,0,0,0
E011,ASV534,0,0,0
E011,ASV58,0,0,0
E011,ASV6,0,0,0
E011,ASV616,0,0,0
E011,ASV62,0,0,0
E011,ASV633,0,0,0
E011,ASV67,0,0,0
E011,ASV68,0,0,0
E011,ASV7,0,0,0
E011,ASV70,0,0,0
E011,ASV719,0,0,0
E011,ASV72,0,0,0
E011,ASV75,0,0,0
E011,ASV8,0,0,0
E011,ASV84,0,0,0
E011,ASV9,0,0,0
E011,ASV91,0,0,0
E011,ASV97,0,0,0
E012,ASV1,0,0,0
E012,ASV10,0,0,0
E012,ASV11,0,0,0
E012,ASV12,0,0,0
E012,ASV122,0,0,0
E012,ASV13,0,0,0
E012,ASV135,0,0,0
E012,ASV137,0,0,0
E012,ASV14,0,0,0
E012,ASV155,0,0,0
E012,ASV163,0,0,0
E012,ASV177,0,0,0
E012,ASV191,0,0,0
E012,ASV2,0,0,0
E012,ASV20,0,0,0
E012,ASV21,0,0,0
E012,ASV24,0,0,0
E012,ASV25,0,0,0
E012,ASV262,0,0,0
E012,ASV27,0,0,0
E012,ASV271,0,0,0
E012,ASV286,0,0,0
E012,ASV297,0,0,0
E012,ASV30,0,0,0
E012,ASV31,0,0,0
E012,ASV33,0,0,0
E012,ASV34,0,0,0
E012,ASV39,0,0,0
E012,ASV4,0,0,0
E012,ASV41,0,0,0
E012,ASV45,0,0,0
E012,ASV46,0,0,0
E012,ASV47,0,0,0
E012,ASV5,0,0,0
E012,ASV50,0,0,0
E012,ASV513,0,0,0
E012,ASV52,0,0,0
E012,ASV534,0,0,0
E012,ASV58,0,0,0
E012,ASV6,0,0,0
E012,ASV616,0,0,0
E012,ASV62,0,0,0
E012,ASV633,0,0,0
E012,ASV67,0,0,0
E012,ASV68,0,0,0
E012,ASV7,0,0,0
E012,ASV70,0,0,0
E012,ASV719,0,0,0
E012,ASV72,0,0,0
E012,ASV75,0,0,0
E012,ASV8,1,198952,1
E012,ASV84,0,0,0
E012,ASV9,0,0,0
E012,ASV91,0,0,0
E012,ASV97,0,0,0
E013,ASV1,0,0,0
E013,ASV10,0,0,0
E013,ASV11,0,0,0
E013,ASV12,0,0,0
E013,ASV122,0,0,0
E013,ASV13,0,0,0
E013,ASV135,0,0,0
E013,ASV137,0,0,0
E013,ASV14,0,0,0
E013,ASV155,0,0,0
E013,ASV163,0,0,0
E013,ASV177,0,0,0
E013,ASV191,0,0,0
E013,ASV2,0,0,0
E013,ASV20,0,0,0
E013,ASV21,0,0,0
E013,ASV24,0,0,0
E013,ASV25,0,0,0
E013,ASV262,0,0,0
E013,ASV27,0,0,0
E013,ASV271,0,0,0
E013,ASV286,0,0,0
E013,ASV297,0,0,0
E013,ASV30,0,0,0
E013,ASV31,0,0,0
E013,ASV33,0,0,0
E013,ASV34,0,0,0
E013,ASV39,0,0,0
E013,ASV4,0,0,0
E013,ASV41,0,0,0
E013,ASV45,0,0,0
E013,ASV46,0,0,0
E013,ASV47,0,0,0
E013,ASV5,0,0,0
E013,ASV50,0,0,0
E013,ASV513,0,0,0
E013,ASV52,0,0,0
E013,ASV534,0,0,0
E013,ASV58,0,0,0
E013,ASV6,0,0,0
E013,ASV616,1,119,1
E013,ASV62,0,0,0
E013,ASV633,0,0,0
E013,ASV67,0,0,0
E013,ASV68,0,0,0
E013,ASV7,0,0,0
E013,ASV70,0,0,0
E013,ASV719,0,0,0
E013,ASV72,0,0,0
E013,ASV75,0,0,0
E013,ASV8,0.793452596875167,26663,1
E013,ASV84,1,6839,1
E013,ASV9,0,0,0
E013,ASV91,0,0,0
E013,ASV97,0,0,0
E014,ASV1,0.17502494827775045,7775,1
E014,ASV10,0,0,0
E014,ASV11,0,0,0
E014,ASV12,0,0,0
E014,ASV122,0,0,0
E014,ASV13,0,0,0
E014,ASV135,0,0,0
E014,ASV137,0,0,0
E014,ASV14,0,0,0
E014,ASV155,0,0,0
E014,ASV163,0,0,0
E014,ASV177,0,0,0
E014,ASV191,0,0,0
E014,ASV2,0,0,0
E014,ASV20,0,0,0
E014,ASV21,0,0,0
E014,ASV24,0,0,0
E014,ASV25,0,0,0
E014,ASV262,0,0,0
E014,ASV27,0,0,0
E014,ASV271,0,0,0
E014,ASV286,0,0,0
E014,ASV297,0,0,0
E014,ASV30,0,0,0
E014,ASV31,0,0,0
E014,ASV33,0,0,0
E014,ASV34,0,0,0
E014,ASV39,0,0,0
E014,ASV4,0,0,0
E014,ASV41,0,0,0
E014,ASV45,0,0,0
E014,ASV46,0,0,0
E014,ASV47,0,0,0
E014,ASV5,0,0,0
E014,ASV50,0,0,0
E014,ASV513,0,0,0
E014,ASV52,0,0,0
E014,ASV534,0,0,0
E014,ASV58,0,0,0
E014,ASV6,0,0,0
E014,ASV616,0,0,0
E014,ASV62,0,0,0
E014,ASV633,0,0,0
E014,ASV67,0,0,0
E014,ASV68,0,0,0
E014,ASV7,0,0,0
E014,ASV70,0,0,0
E014,ASV719,0,0,0
E014,ASV72,0,0,0
E014,ASV75,0,0,0
E014,ASV8,0,0,0
E014,ASV84,0,0,0
E014,ASV9,0,0,0
E014,ASV91,0,0,0
E014,ASV97,0,0,0
E015,ASV1,0,0,0
E015,ASV10,0,0,0
E015,ASV11,0,0,0
E015,ASV12,0,0,0
E015,ASV122,0,0,0
E015,ASV13,0,0,0
E015,ASV135,0,0,0
E015,ASV137,0,0,0
E015,ASV14,0,0,0
E015,ASV155,0,0,0
E015,ASV163,0,0,0
E015,ASV177,0,0,0
E015,ASV191,0,0,0
E015,ASV2,0,0,0
E015,ASV20,0,0,0
E015,ASV21,0,0,0
E015,ASV24,0,0,0
E015,ASV25,0,0,0
E015,ASV262,0,0,0
E015,ASV27,0,0,0
E015,ASV271,0,0,0
E015,ASV286,0,0,0
E015,ASV297,0,0,0
E015,ASV30,0,0,0
E015,ASV31,0,0,0
E015,ASV33,0,0,0
E015,ASV34,0,0,0
E015,ASV39,0,0,0
E015,ASV4,0,0,0
E015,ASV41,0,0,0
E015,ASV45,0,0,0
E015,ASV46,0,0,0
E015,ASV47,0,0,0
E015,ASV5,0,0,0
E015,ASV50,0,0,0
E015,ASV513,0,0,0
E015,ASV52,0,0,0
E015,ASV534,0,0,0
E015,ASV58,0,0,0
E015,ASV6,0,0,0
E015,ASV616,0,0,0
E015,ASV62,0,0,0
E015,ASV633,0,0,0
E015,ASV67,0,0,0
E015,ASV68,0,0,0
E015,ASV7,0,0,0
E015,ASV70,0,0,0
E015,ASV719,0,0,0
E015,ASV72,0,0,0
E015,ASV75,0,0,0
E015,ASV8,0,0,0
E015,ASV84,0,0,0
E015,ASV9,0,0,0
E015,ASV91,0,0,0
E015,ASV97,0,0,0
E017,ASV1,0.882323087104514,40083,1
E017,ASV10,0,0,0
E017,ASV11,0,0,0
E017,ASV12,0,0,0
E017,ASV122,0,0,0
E017,ASV13,0,0,0
E017,ASV135,0,0,0
E017,ASV137,0,0,0
E017,ASV14,0,0,0
E017,ASV155,0,0,0
E017,ASV163,0,0,0
E017,ASV177,0,0,0
E017,ASV191,0,0,0
E017,ASV2,0,0,0
E017,ASV20,0,0,0
E017,ASV21,0,0,0
E017,ASV24,1,2596,1
E017,ASV25,0,0,0
E017,ASV262,0,0,0
E017,ASV27,0,0,0
E017,ASV271,0,0,0
E017,ASV286,0,0,0
E017,ASV297,0,0,0
E017,ASV30,0,0,0
E017,ASV31,0,0,0
E017,ASV33,0,0,0
E017,ASV34,0,0,0
E017,ASV39,0,0,0
E017,ASV4,0,0,0
E017,ASV41,0,0,0
E017,ASV45,0,0,0
E017,ASV46,0,0,0
E017,ASV47,0,0,0
E017,ASV5,0.1063434741639183,4801,1
E017,ASV50,0,0,0
E017,ASV513,0,0,0
E017,ASV52,0,0,0
E017,ASV534,0,0,0
E017,ASV58,0,0,0
E017,ASV6,0,0,0
E017,ASV616,0,0,0
E017,ASV62,0,0,0
E017,ASV633,0,0,0
E017,ASV67,0,0,0
E017,ASV68,0,0,0
E017,ASV7,0,0,0
E017,ASV70,0,0,0
E017,ASV719,1,46,1
E017,ASV72,0,0,0
E017,ASV75,0,0,0
E017,ASV8,0,0,0
E017,ASV84,0,0,0
E017,ASV9,0,0,0
E017,ASV91,0,0,0
E017,ASV97,0,0,0
E018,ASV1,0.8483049780753548,49411,1
E018,ASV10,0,0,0
E018,ASV11,0,0,0
E018,ASV12,0,0,0
E018,ASV122,0,0,0
E018,ASV13,0,0,0
E018,ASV135,0,0,0
E018,ASV137,0,0,0
E018,ASV14,0,0,0
E018,ASV155,0,0,0
E018,ASV163,0,0,0
E018,ASV177,0,0,0
E018,ASV191,0,0,0
E018,ASV2,0,0,0
E018,ASV20,0,0,0
E018,ASV21,0,0,0
E018,ASV24,0,0,0
E018,ASV25,0,0,0
E018,ASV262,0,0,0
E018,ASV27,0,0,0
E018,ASV271,0,0,0
E018,ASV286,0,0,0
E018,ASV297,0,0,0
E018,ASV30,0,0,0
E018,ASV31,0,0,0
E018,ASV33,0,0,0
E018,ASV34,0,0,0
E018,ASV39,0,0,0
E018,ASV4,0,0,0
E018,ASV41,0,0,0
E018,ASV45,0,0,0
E018,ASV46,0,0,0
E018,ASV47,0,0,0
E018,ASV5,0.1856983944486512,10749,1
E018,ASV50,0,0,0
E018,ASV513,0,0,0
E018,ASV52,0,0,0
E018,ASV534,0,0,0
E018,ASV58,0,0,0
E018,ASV6,0,0,0
E018,ASV616,0,0,0
E018,ASV62,0,0,0
E018,ASV633,0,0,0
E018,ASV67,0,0,0
E018,ASV68,0,0,0
E018,ASV7,0,0,0
E018,ASV70,0,0,0
E018,ASV719,0,0,0
E018,ASV72,0,0,0
E018,ASV75,0,0,0
E018,ASV8,0,0,0
E018,ASV84,0,0,0
E018,ASV9,0,0,0
E018,ASV91,0,0,0
E018,ASV97,0,0,0
E019,ASV1,0.9573842357622703,82565,1
E019,ASV10,0,0,0
E019,ASV11,0,0,0
E019,ASV12,0,0,0
E019,ASV122,0,0,0
E019,ASV13,0,0,0
E019,ASV135,0,0,0
E019,ASV137,0,0,0
E019,ASV14,0,0,0
E019,ASV155,0,0,0
E019,ASV163,0,0,0
E019,ASV177,0,0,0
E019,ASV191,0,0,0
E019,ASV2,0,0,0
E019,ASV20,0,0,0
E019,ASV21,0,0,0
E019,ASV24,0,0,0
E019,ASV25,0,0,0
E019,ASV262,0,0,0
E019,ASV27,0,0,0
E019,ASV271,0,0,0
E019,ASV286,0,0,0
E019,ASV297,0,0,0
E019,ASV30,0,0,0
E019,ASV31,0,0,0
E019,ASV33,0,0,0
E019,ASV34,0,0,0
E019,ASV39,0,0,0
E019,ASV4,0,0,0
E019,ASV41,0,0,0
E019,ASV45,0,0,0
E019,ASV46,0,0,0
E019,ASV47,0,0,0
E019,ASV5,0.09416196987884257,8070,1
E019,ASV50,0,0,0
E019,ASV513,0,0,0
E019,ASV52,0,0,0
E019,ASV534,0,0,0
E019,ASV58,0,0,0
E019,ASV6,0,0,0
E019,ASV616,0,0,0
E019,ASV62,0,0,0
E019,ASV633,0,0,0
E019,ASV67,0,0,0
E019,ASV68,0,0,0
E019,ASV7,0,0,0
E019,ASV70,0,0,0
E019,ASV719,0,0,0
E019,ASV72,0,0,0
E019,ASV75,0,0,0
E019,ASV8,0,0,0
E019,ASV84,0,0,0
E019,ASV9,0,0,0
E019,ASV91,0,0,0
E019,ASV97,0,0,0
E020,ASV1,1,62598,1
E020,ASV10,0,0,0
E020,ASV11,0,0,0
E020,ASV12,0,0,0
E020,ASV122,0,0,0
E020,ASV13,0,0,0
E020,ASV135,0,0,0
E020,ASV137,0,0,0
E020,ASV14,0,0,0
E020,ASV155,0,0,0
E020,ASV163,0,0,0
E020,ASV177,0,0,0
E020,ASV191,0,0,0
E020,ASV2,0,0,0
E020,ASV20,0,0,0
E020,ASV21,0,0,0
E020,ASV24,0,0,0
E020,ASV25,0,0,0
E020,ASV262,0,0,0
E020,ASV27,0,0,0
E020,ASV271,0,0,0
E020,ASV286,0,0,0
E020,ASV297,0,0,0
E020,ASV30,0,0,0
E020,ASV31,0,0,0
E020,ASV33,0,0,0
E020,ASV34,0,0,0
E020,ASV39,0,0,0
E020,ASV4,0,0,0
E020,ASV41,0,0,0
E020,ASV45,1,764,1
E020,ASV46,0,0,0
E020,ASV47,0,0,0
E020,ASV5,0,0,0
E020,ASV50,0,0,0
E020,ASV513,0,0,0
E020,ASV52,0,0,0
E020,ASV534,0,0,0
E020,ASV58,0,0,0
E020,ASV6,0,0,0
E020,ASV616,0,0,0
E020,ASV62,0,0,0
E020,ASV633,0,0,0
E020,ASV67,0,0,0
E020,ASV68,0,0,0
E020,ASV7,0,0,0
E020,ASV70,0,0,0
E020,ASV719,0,0,0
E020,ASV72,0,0,0
E020,ASV75,0,0,0
E020,ASV8,0.03432475730192292,2257,1
E020,ASV84,0,0,0
E020,ASV9,0,0,0
E020,ASV91,0,0,0
E020,ASV97,0,0,0
E022,ASV1,0.9635586329282434,13042,1
E022,ASV10,0,0,0
E022,ASV11,0,0,0
E022,ASV12,0,0,0
E022,ASV122,0,0,0
E022,ASV13,0,0,0
E022,ASV135,0,0,0
E022,ASV137,0.05507941461491713,243,1
E022,ASV14,0,0,0
E022,ASV155,0,0,0
E022,ASV163,0.16328126933834997,239,1
E022,ASV177,0.5659614371910947,328,1
E022,ASV191,0,0,0
E022,ASV2,0,0,0
E022,ASV20,0,0,0
E022,ASV21,0,0,0
E022,ASV24,0,0,0
E022,ASV25,0,0,0
E022,ASV262,0,0,0
E022,ASV27,0,0,0
E022,ASV271,0,0,0
E022,ASV286,0,0,0
E022,ASV297,0,0,0
E022,ASV30,0,0,0
E022,ASV31,0,0,0
E022,ASV33,0,0,0
E022,ASV34,0,0,0
E022,ASV39,0,0,0
E022,ASV4,0,0,0
E022,ASV41,0,0,0
E022,ASV45,0,0,0
E022,ASV46,0,0,0
E022,ASV47,0,0,0
E022,ASV5,0,0,0
E022,ASV50,0,0,0
E022,ASV513,0,0,0
E022,ASV52,0,0,0
E022,ASV534,0,0,0
E022,ASV58,0,0,0
E022,ASV6,0,0,0
E022,ASV616,0,0,0
E022,ASV62,0,0,0
E022,ASV633,0,0,0
E022,ASV67,0,0,0
E022,ASV68,0,0,0
E022,ASV7,0,0,0
E022,ASV70,0,0,0
E022,ASV719,0,0,0
E022,ASV72,0,0,0
E022,ASV75,0,0,0
E022,ASV8,0,0,0
E022,ASV84,0,0,0
E022,ASV9,0,0,0
E022,ASV91,0,0,0
E022,ASV97,0,0,0
E023,ASV1,0.5718382771348233,14278,1
E023,ASV10,0,0,0
E023,ASV11,0,0,0
E023,ASV12,0,0,0
E023,ASV122,0,0,0
E023,ASV13,0,0,0
E023,ASV135,0,0,0
E023,ASV137,0.05025488044499101,409,1
E023,ASV14,0,0,0
E023,ASV155,0.17479374223269148,308,1
E023,ASV163,0.0892539413915757,241,1
E023,ASV177,0.15153044736534735,162,1
E023,ASV191,0,0,0
E023,ASV2,0,0,0
E023,ASV20,0,0,0
E023,ASV21,0,0,0
E023,ASV24,0,0,0
E023,ASV25,0,0,0
E023,ASV262,0,0,0
E023,ASV27,0,0,0
E023,ASV271,0,0,0
E023,ASV286,0.14117378059032004,143,1
E023,ASV297,0,0,0
E023,ASV30,0,0,0
E023,ASV31,0,0,0
E023,ASV33,0,0,0
E023,ASV34,0,0,0
E023,ASV39,0,0,0
E023,ASV4,0,0,0
E023,ASV41,0,0,0
E023,ASV45,0,0,0
E023,ASV46,0,0,0
E023,ASV47,0,0,0
E023,ASV5,0.1493561030152203,3706,1
E023,ASV50,0,0,0
E023,ASV513,0,0,0
E023,ASV52,0,0,0
E023,ASV534,0,0,0
E023,ASV58,0,0,0
E023,ASV6,0,0,0
E023,ASV616,0,0,0
E023,ASV62,0,0,0
E023,ASV633,0,0,0
E023,ASV67,0,0,0
E023,ASV68,0,0,0
E023,ASV7,0,0,0
E023,ASV70,0,0,0
E023,ASV719,0,0,0
E023,ASV72,0,0,0
E023,ASV75,0,0,0
E023,ASV8,0.2552277704080628,6694,1
E023,ASV84,0,0,0
E023,ASV9,0,0,0
E023,ASV91,0,0,0
E023,ASV97,0,0,0
E024,ASV1,0.2491833540806197,10376,1
E024,ASV10,0,0,0
E024,ASV11,0,0,0
E024,ASV12,0,0,0
E024,ASV122,0,0,0
E024,ASV13,0,0,0
E024,ASV135,0,0,0
E024,ASV137,0.03182891998221476,432,1
E024,ASV14,0,0,0
E024,ASV155,0.05921171385180599,174,1
E024,ASV163,0,0,0
E024,ASV177,0.05945302759247304,106,1
E024,ASV191,0,0,0
E024,ASV2,0,0,0
E024,ASV20,0,0,0
E024,ASV21,0,0,0
E024,ASV24,0,0,0
E024,ASV25,0,0,0
E024,ASV262,0,0,0
E024,ASV27,0,0,0
E024,ASV271,0,0,0
E024,ASV286,0,0,0
E024,ASV297,0,0,0
E024,ASV30,0,0,0
E024,ASV31,0,0,0
E024,ASV33,0,0,0
E024,ASV34,0,0,0
E024,ASV39,0,0,0
E024,ASV4,0,0,0
E024,ASV41,0,0,0
E024,ASV45,0,0,0
E024,ASV46,1,20181,1
E024,ASV47,0,0,0
E024,ASV5,0,0,0
E024,ASV50,0,0,0
E024,ASV513,0,0,0
E024,ASV52,0,0,0
E024,ASV534,0,0,0
E024,ASV58,0,0,0
E024,ASV6,0,0,0
E024,ASV616,0,0,0
E024,ASV62,0,0,0
E024,ASV633,0,0,0
E024,ASV67,0,0,0
E024,ASV68,0,0,0
E024,ASV7,0,0,0
E024,ASV70,0,0,0
E024,ASV719,0,0,0
E024,ASV72,0,0,0
E024,ASV75,0,0,0
E024,ASV8,0.23477594208294303,10269,1
E024,ASV84,0,0,0
E024,ASV9,0,0,0
E024,ASV91,0,0,0
E024,ASV97,0,0,0
E025,ASV1,0,0,0
E025,ASV10,0,0,0
E025,ASV11,0,0,0
E025,ASV12,0,0,0
E025,ASV122,0,0,0
E025,ASV13,0,0,0
E025,ASV135,0,0,0
E025,ASV137,0.21622330512569193,454,1
E025,ASV14,0,0,0
E025,ASV155,0,0,0
E025,ASV163,0.3344706347390102,233,1
E025,ASV177,0,0,0
E025,ASV191,0,0,0
E025,ASV2,0,0,0
E025,ASV20,0,0,0
E025,ASV21,0,0,0
E025,ASV24,0,0,0
E025,ASV25,0,0,0
E025,ASV262,0,0,0
E025,ASV27,0,0,0
E025,ASV271,0,0,0
E025,ASV286,0,0,0
E025,ASV297,0,0,0
E025,ASV30,0,0,0
E025,ASV31,0,0,0
E025,ASV33,0,0,0
E025,ASV34,0,0,0
E025,ASV39,0,0,0
E025,ASV4,0,0,0
E025,ASV41,0,0,0
E025,ASV45,0,0,0
E025,ASV46,0,0,0
E025,ASV47,0,0,0
E025,ASV5,0.9436655632409932,6041,1
E025,ASV50,0,0,0
E025,ASV513,0,0,0
E025,ASV52,0,0,0
E025,ASV534,0,0,0
E025,ASV58,0,0,0
E025,ASV6,0,0,0
E025,ASV616,0,0,0
E025,ASV62,0,0,0
E025,ASV633,0,0,0
E025,ASV67,0,0,0
E025,ASV68,0,0,0
E025,ASV7,0,0,0
E025,ASV70,0,0,0
E025,ASV719,0,0,0
E025,ASV72,0,0,0
E025,ASV75,0,0,0
E025,ASV8,0,0,0
E025,ASV84,0,0,0
E025,ASV9,0,0,0
E025,ASV91,0,0,0
E025,ASV97,0,0,0
E026,ASV1,0,0,0
E026,ASV10,0,0,0
E026,ASV11,0,0,0
E026,ASV12,0,0,0
E026,ASV122,0,0,0
E026,ASV13,0,0,0
E026,ASV135,0,0,0
E026,ASV137,1,642,1
E026,ASV14,0,0,0
E026,ASV155,1,139,1
E026,ASV163,1,213,1
E026,ASV177,0,0,0
E026,ASV191,0,0,0
E026,ASV2,0,0,0
E026,ASV20,0,0,0
E026,ASV21,0,0,0
E026,ASV24,0,0,0
E026,ASV25,0,0,0
E026,ASV262,0,0,0
E026,ASV27,0,0,0
E026,ASV271,0,0,0
E026,ASV286,0,0,0
E026,ASV297,0,0,0
E026,ASV30,0,0,0
E026,ASV31,0,0,0
E026,ASV33,0,0,0
E026,ASV34,0,0,0
E026,ASV39,0,0,0
E026,ASV4,0,0,0
E026,ASV41,0,0,0
E026,ASV45,0,0,0
E026,ASV46,0,0,0
E026,ASV47,0,0,0
E026,ASV5,0.44702894794178855,875,1
E026,ASV50,0,0,0
E026,ASV513,0,0,0
E026,ASV52,0,0,0
E026,ASV534,0,0,0
E026,ASV58,0,0,0
E026,ASV6,0,0,0
E026,ASV616,0,0,0
E026,ASV62,0,0,0
E026,ASV633,0,0,0
E026,ASV67,0,0,0
E026,ASV68,0,0,0
E026,ASV7,0,0,0
E026,ASV70,0,0,0
E026,ASV719,0,0,0
E026,ASV72,0,0,0
E026,ASV75,0,0,0
E026,ASV8,0,0,0
E026,ASV84,0,0,0
E026,ASV9,0,0,0
E026,ASV91,0,0,0
E026,ASV97,0,0,0
E027,ASV1,0.12280064489649462,1519,1
E027,ASV10,0,0,0
E027,ASV11,0,0,0
E027,ASV12,0,0,0
E027,ASV122,0,0,0
E027,ASV13,0,0,0
E027,ASV135,0,0,0
E027,ASV137,0,0,0
E027,ASV14,0,0,0
E027,ASV155,0,0,0
E027,ASV163,0,0,0
E027,ASV177,0,0,0
E027,ASV191,0,0,0
E027,ASV2,0,0,0
E027,ASV20,0,0,0
E027,ASV21,0,0,0
E027,ASV24,0,0,0
E027,ASV25,0,0,0
E027,ASV262,0,0,0
E027,ASV27,0,0,0
E027,ASV271,0,0,0
E027,ASV286,0,0,0
E027,ASV297,0,0,0
E027,ASV30,0,0,0
E027,ASV31,0,0,0
E027,ASV33,0,0,0
E027,ASV34,0,0,0
E027,ASV39,0,0,0
E027,ASV4,0,0,0
E027,ASV41,0,0,0
E027,ASV45,0,0,0
E027,ASV46,0,0,0
E027,ASV47,0,0,0
E027,ASV5,0.7493910754874986,9212,1
E027,ASV50,0,0,0
E027,ASV513,0,0,0
E027,ASV52,0,0,0
E027,ASV534,0,0,0
E027,ASV58,0,0,0
E027,ASV6,0,0,0
E027,ASV616,0,0,0
E027,ASV62,0,0,0
E027,ASV633,0,0,0
E027,ASV67,0,0,0
E027,ASV68,0,0,0
E027,ASV7,0,0,0
E027,ASV70,0,0,0
E027,ASV719,0,0,0
E027,ASV72,0,0,0
E027,ASV75,0,0,0
E027,ASV8,0,0,0
E027,ASV84,0,0,0
E027,ASV9,0.47134277082317694,2246,1
E027,ASV91,0,0,0
E027,ASV97,0,0,0
E028,ASV1,0.34477486039928873,62756,1
E028,ASV10,0,0,0
E028,ASV11,0,0,0
E028,ASV12,0,0,0
E028,ASV122,0,0,0
E028,ASV13,0,0,0
E028,ASV135,0,0,0
E028,ASV137,0.0016686475800677249,99,1
E028,ASV14,0,0,0
E028,ASV155,0,0,0
E028,ASV163,0,0,0
E028,ASV177,0,0,0
E028,ASV191,0,0,0
E028,ASV2,0,0,0
E028,ASV20,0,0,0
E028,ASV21,0,0,0
E028,ASV24,0,0,0
E028,ASV25,1,47363,1
E028,ASV262,0,0,0
E028,ASV27,0,0,0
E028,ASV271,1,1065,1
E028,ASV286,0,0,0
E028,ASV297,1,908,1
E028,ASV30,0,0,0
E028,ASV31,1,5709,1
E028,ASV33,0,0,0
E028,ASV34,0,0,0
E028,ASV39,0,0,0
E028,ASV4,0,0,0
E028,ASV41,0,0,0
E028,ASV45,0,0,0
E028,ASV46,0,0,0
E028,ASV47,0,0,0
E028,ASV5,0.32425724286094115,58654,1
E028,ASV50,0,0,0
E028,ASV513,0,0,0
E028,ASV52,0,0,0
E028,ASV534,1,310,1
E028,ASV58,0,0,0
E028,ASV6,0,0,0
E028,ASV616,0,0,0
E028,ASV62,0,0,0
E028,ASV633,0,0,0
E028,ASV67,0,0,0
E028,ASV68,0,0,0
E028,ASV7,0,0,0
E028,ASV70,0,0,0
E028,ASV719,0,0,0
E028,ASV72,1,10178,1
E028,ASV75,0,0,0
E028,ASV8,0,0,0
E028,ASV84,0,0,0
E028,ASV9,0,0,0
E028,ASV91,0,0,0
E028,ASV97,0,0,0
E029,ASV1,0.12723175245470167,8870,1
E029,ASV10,0,0,0
E029,ASV11,0,0,0
E029,ASV12,0,0,0
E029,ASV122,0,0,0
E029,ASV13,0,0,0
E029,ASV135,0,0,0
E029,ASV137,0,0,0
E029,ASV14,0,0,0
E029,ASV155,0,0,0
E029,ASV163,0,0,0
E029,ASV177,0,0,0
E029,ASV191,0,0,0
E029,ASV2,0,0,0
E029,ASV20,0,0,0
E029,ASV21,0,0,0
E029,ASV24,0,0,0
E029,ASV25,0,0,0
E029,ASV262,0,0,0
E029,ASV27,0,0,0
E029,ASV271,0,0,0
E029,ASV286,0,0,0
E029,ASV297,0,0,0
E029,ASV30,0,0,0
E029,ASV31,0,0,0
E029,ASV33,0,0,0
E029,ASV34,0,0,0
E029,ASV39,0,0,0
E029,ASV4,1,6642,1
E029,ASV41,0,0,0
E029,ASV45,0,0,0
E029,ASV46,0,0,0
E029,ASV47,0,0,0
E029,ASV5,0.8336441574004586,57756,1
E029,ASV50,0,0,0
E029,ASV513,0,0,0
E029,ASV52,0,0,0
E029,ASV534,0,0,0
E029,ASV58,0,0,0
E029,ASV6,0,0,0
E029,ASV616,0,0,0
E029,ASV62,0,0,0
E029,ASV633,0,0,0
E029,ASV67,0,0,0
E029,ASV68,0,0,0
E029,ASV7,0,0,0
E029,ASV70,0,0,0
E029,ASV719,0,0,0
E029,ASV72,0,0,0
E029,ASV75,0,0,0
E029,ASV8,0,0,0
E029,ASV84,0,0,0
E029,ASV9,0,0,0
E029,ASV91,0,0,0
E029,ASV97,0,0,0
E031,ASV1,0.09374616510569192,1215,1
E031,ASV10,0,0,0
E031,ASV11,0,0,0
E031,ASV12,0,0,0
E031,ASV122,0,0,0
E031,ASV13,1,1902,1
E031,ASV135,0,0,0
E031,ASV137,0,0,0
E031,ASV14,0,0,0
E031,ASV155,0.21757030907100175,199,1
E031,ASV163,0,0,0
E031,ASV177,0,0,0
E031,ASV191,0,0,0
E031,ASV2,0,0,0
E031,ASV20,0,0,0
E031,ASV21,0,0,0
E031,ASV24,0,0,0
E031,ASV25,0,0,0
E031,ASV262,0,0,0
E031,ASV27,0,0,0
E031,ASV271,0,0,0
E031,ASV286,0.17307358447380128,91,1
E031,ASV297,0,0,0
E031,ASV30,0,0,0
E031,ASV31,0,0,0
E031,ASV33,0,0,0
E031,ASV34,0,0,0
E031,ASV39,0,0,0
E031,ASV4,0,0,0
E031,ASV41,0,0,0
E031,ASV45,0,0,0
E031,ASV46,0,0,0
E031,ASV47,0,0,0
E031,ASV5,0.7875087217238317,10143,1
E031,ASV50,0,0,0
E031,ASV513,0,0,0
E031,ASV52,0,0,0
E031,ASV534,0,0,0
E031,ASV58,0,0,0
E031,ASV6,0,0,0
E031,ASV616,0,0,0
E031,ASV62,0,0,0
E031,ASV633,0,0,0
E031,ASV67,0,0,0
E031,ASV68,0,0,0
E031,ASV7,0,0,0
E031,ASV70,0,0,0
E031,ASV719,0,0,0
E031,ASV72,0,0,0
E031,ASV75,0,0,0
E031,ASV8,0,0,0
E031,ASV84,0,0,0
E031,ASV9,0,0,0
E031,ASV91,0,0,0
E031,ASV97,0,0,0
E032,ASV1,0,0,0
E032,ASV10,0,0,0
E032,ASV11,0,0,0
E032,ASV12,0,0,0
E032,ASV122,0,0,0
E032,ASV13,0,0,0
E032,ASV135,0,0,0
E032,ASV137,0,0,0
E032,ASV14,0,0,0
E032,ASV155,0,0,0
E032,ASV163,0,0,0
E032,ASV177,0,0,0
E032,ASV191,0,0,0
E032,ASV2,0,0,0
E032,ASV20,0,0,0
E032,ASV21,0,0,0
E032,ASV24,0,0,0
E032,ASV25,0,0,0
E032,ASV262,0,0,0
E032,ASV27,0,0,0
E032,ASV271,0,0,0
E032,ASV286,0,0,0
E032,ASV297,0,0,0
E032,ASV30,0,0,0
E032,ASV31,0,0,0
E032,ASV33,0,0,0
E032,ASV34,0,0,0
E032,ASV39,0,0,0
E032,ASV4,0,0,0
E032,ASV41,0,0,0
E032,ASV45,0,0,0
E032,ASV46,0,0,0
E032,ASV47,0,0,0
E032,ASV5,1,1286,1
E032,ASV50,0,0,0
E032,ASV513,0,0,0
E032,ASV52,0,0,0
E032,ASV534,0,0,0
E032,ASV58,0,0,0
E032,ASV6,0,0,0
E032,ASV616,0,0,0
E032,ASV62,0,0,0
E032,ASV633,0,0,0
E032,ASV67,0,0,0
E032,ASV68,0,0,0
E032,ASV7,0,0,0
E032,ASV70,0,0,0
E032,ASV719,0,0,0
E032,ASV72,0,0,0
E032,ASV75,0,0,0
E032,ASV8,0,0,0
E032,ASV84,0,0,0
E032,ASV9,0,0,0
E032,ASV91,0,0,0
E032,ASV97,0,0,0
E033,ASV1,0,0,0
E033,ASV10,0,0,0
E033,ASV11,0,0,0
E033,ASV12,0,0,0
E033,ASV122,0,0,0
E033,ASV13,0.8263913026824743,2547,1
E033,ASV135,0,0,0
E033,ASV137,0,0,0
E033,ASV14,0,0,0
E033,ASV155,0,0,0
E033,ASV163,0.08761977446410978,199,1
E033,ASV177,0,0,0
E033,ASV191,0,0,0
E033,ASV2,0,0,0
E033,ASV20,0,0,0
E033,ASV21,0,0,0
E033,ASV24,0,0,0
E033,ASV25,0,0,0
E033,ASV262,0,0,0
E033,ASV27,0,0,0
E033,ASV271,0,0,0
E033,ASV286,0,0,0
E033,ASV297,0,0,0
E033,ASV30,0,0,0
E033,ASV31,0,0,0
E033,ASV33,0,0,0
E033,ASV34,0,0,0
E033,ASV39,0,0,0
E033,ASV4,0,0,0
E033,ASV41,0,0,0
E033,ASV45,0,0,0
E033,ASV46,0,0,0
E033,ASV47,0,0,0
E033,ASV5,0,0,0
E033,ASV50,0,0,0
E033,ASV513,0,0,0
E033,ASV52,0,0,0
E033,ASV534,0,0,0
E033,ASV58,0,0,0
E033,ASV6,0,0,0
E033,ASV616,0,0,0
E033,ASV62,0,0,0
E033,ASV633,0,0,0
E033,ASV67,0,0,0
E033,ASV68,0,0,0
E033,ASV7,0,0,0
E033,ASV70,0,0,0
E033,ASV719,0,0,0
E033,ASV72,0,0,0
E033,ASV75,0,0,0
E033,ASV8,0,0,0
E033,ASV84,0,0,0
E033,ASV9,0,0,0
E033,ASV91,0,0,0
E033,ASV97,0,0,0
E035,ASV1,0.11875426461009497,7840,1
E035,ASV10,0,0,0
E035,ASV11,0,0,0
E035,ASV12,0,0,0
E035,ASV122,0,0,0
E035,ASV13,0,0,0
E035,ASV135,0,0,0
E035,ASV137,0,0,0
E035,ASV14,0,0,0
E035,ASV155,0,0,0
E035,ASV163,0,0,0
E035,ASV177,0,0,0
E035,ASV191,0,0,0
E035,ASV2,0,0,0
E035,ASV20,0,0,0
E035,ASV21,0,0,0
E035,ASV24,0,0,0
E035,ASV25,0,0,0
E035,ASV262,0,0,0
E035,ASV27,0,0,0
E035,ASV271,0,0,0
E035,ASV286,0,0,0
E035,ASV297,0,0,0
E035,ASV30,0,0,0
E035,ASV31,0,0,0
E035,ASV33,0,0,0
E035,ASV34,0,0,0
E035,ASV39,0,0,0
E035,ASV4,0,0,0
E035,ASV41,0,0,0
E035,ASV45,0,0,0
E035,ASV46,0,0,0
E035,ASV47,0,0,0
E035,ASV5,0,0,0
E035,ASV50,0,0,0
E035,ASV513,0,0,0
E035,ASV52,0,0,0
E035,ASV534,0,0,0
E035,ASV58,0,0,0
E035,ASV6,0,0,0
E035,ASV616,0,0,0
E035,ASV62,0,0,0
E035,ASV633,0,0,0
E035,ASV67,0,0,0
E035,ASV68,0,0,0
E035,ASV7,0.12724625476944265,7493,1
E035,ASV70,0,0,0
E035,ASV719,0,0,0
E035,ASV72,0,0,0
E035,ASV75,0,0,0
E035,ASV8,0,0,0
E035,ASV84,0,0,0
E035,ASV9,0,0,0
E035,ASV91,0,0,0
E035,ASV97,0,0,0
E036,ASV1,0,0,0
E036,ASV10,0,0,0
E036,ASV11,0,0,0
E036,ASV12,0,0,0
E036,ASV122,0,0,0
E036,ASV13,0,0,0
E036,ASV135,0,0,0
E036,ASV137,0,0,0
E036,ASV14,0,0,0
E036,ASV155,0,0,0
E036,ASV163,0,0,0
E036,ASV177,0,0,0
E036,ASV191,0,0,0
E036,ASV2,0,0,0
E036,ASV20,0,0,0
E036,ASV21,0,0,0
E036,ASV24,0,0,0
E036,ASV25,0,0,0
E036,ASV262,0,0,0
E036,ASV27,0,0,0
E036,ASV271,0,0,0
E036,ASV286,0,0,0
E036,ASV297,0,0,0
E036,ASV30,0.01808316532016685,10,1
E036,ASV31,0,0,0
E036,ASV33,0,0,0
E036,ASV34,0,0,0
E036,ASV39,0,0,0
E036,ASV4,0,0,0
E036,ASV41,0,0,0
E036,ASV45,0,0,0
E036,ASV46,0,0,0
E036,ASV47,0,0,0
E036,ASV5,0,0,0
E036,ASV50,0,0,0
E036,ASV513,0,0,0
E036,ASV52,0,0,0
E036,ASV534,0,0,0
E036,ASV58,0,0,0
E036,ASV6,0,0,0
E036,ASV616,0,0,0
E036,ASV62,0,0,0
E036,ASV633,0,0,0
E036,ASV67,0,0,0
E036,ASV68,0,0,0
E036,ASV7,1,32222,1
E036,ASV70,0,0,0
E036,ASV719,0,0,0
E036,ASV72,0,0,0
E036,ASV75,0,0,0
E036,ASV8,0,0,0
E036,ASV84,0,0,0
E036,ASV9,0,0,0
E036,ASV91,0,0,0
E036,ASV97,0,0,0
E038,ASV1,0,0,0
E038,ASV10,0,0,0
E038,ASV11,0,0,0
E038,ASV12,0,0,0
E038,ASV122,0,0,0
E038,ASV13,0,0,0
E038,ASV135,0,0,0
E038,ASV137,0.003412443566318598,178,1
E038,ASV14,0,0,0
E038,ASV155,0,0,0
E038,ASV163,0.01976182305204349,342,1
E038,ASV177,0,0,0
E038,ASV191,0,0,0
E038,ASV2,0,0,0
E038,ASV20,0,0,0
E038,ASV21,1,8407,1
E038,ASV24,0,0,0
E038,ASV25,0,0,0
E038,ASV262,0,0,0
E038,ASV27,0,0,0
E038,ASV271,0,0,0
E038,ASV286,0.02941994892209675,191,1
E038,ASV297,0,0,0
E038,ASV30,0,0,0
E038,ASV31,0,0,0
E038,ASV33,0,0,0
E038,ASV34,0,0,0
E038,ASV39,0,0,0
E038,ASV4,0.9653925188353341,14719,1
E038,ASV41,0,0,0
E038,ASV45,0,0,0
E038,ASV46,0,0,0
E038,ASV47,0,0,0
E038,ASV5,0.009859483314028448,1568,1
E038,ASV50,0,0,0
E038,ASV513,0,0,0
E038,ASV52,0,0,0
E038,ASV534,0,0,0
E038,ASV58,0,0,0
E038,ASV6,0,0,0
E038,ASV616,0,0,0
E038,ASV62,0,0,0
E038,ASV633,0,0,0
E038,ASV67,0,0,0
E038,ASV68,0,0,0
E038,ASV7,0.8997090369760611,128425,1
E038,ASV70,0,0,0
E038,ASV719,0,0,0
E038,ASV72,0,0,0
E038,ASV75,0,0,0
E038,ASV8,0.035157682429452504,5910,1
E038,ASV84,0,0,0
E038,ASV9,0.1370035075942539,8446,1
E038,ASV91,0,0,0
E038,ASV97,0,0,0
E039,ASV1,0.32089912580245233,2076,1
E039,ASV10,0,0,0
E039,ASV11,0,0,0
E039,ASV12,0,0,0
E039,ASV122,0,0,0
E039,ASV13,0,0,0
E039,ASV135,0,0,0
E039,ASV137,0.08156779515404272,172,1
E039,ASV14,0,0,0
E039,ASV155,0.7228104852491003,330,1
E039,ASV163,0,0,0
E039,ASV177,1,277,1
E039,ASV191,0,0,0
E039,ASV2,0,0,0
E039,ASV20,0,0,0
E039,ASV21,0,0,0
E039,ASV24,0,0,0
E039,ASV25,0,0,0
E039,ASV262,0,0,0
E039,ASV27,0,0,0
E039,ASV271,0,0,0
E039,ASV286,0,0,0
E039,ASV297,0,0,0
E039,ASV30,0,0,0
E039,ASV31,0,0,0
E039,ASV33,0,0,0
E039,ASV34,0,0,0
E039,ASV39,0,0,0
E039,ASV4,0,0,0
E039,ASV41,0,0,0
E039,ASV45,0,0,0
E039,ASV46,0,0,0
E039,ASV47,0,0,0
E039,ASV5,0.543159192059394,3492,1
E039,ASV50,0,0,0
E039,ASV513,0,0,0
E039,ASV52,0,0,0
E039,ASV534,0,0,0
E039,ASV58,0,0,0
E039,ASV6,0,0,0
E039,ASV616,0,0,0
E039,ASV62,0,0,0
E039,ASV633,0,0,0
E039,ASV67,0,0,0
E039,ASV68,0,0,0
E039,ASV7,0,0,0
E039,ASV70,0,0,0
E039,ASV719,0,0,0
E039,ASV72,0,0,0
E039,ASV75,0,0,0
E039,ASV8,0,0,0
E039,ASV84,0,0,0
E039,ASV9,0,0,0
E039,ASV91,0,0,0
E039,ASV97,0,0,0
E040,ASV1,0,0,0
E040,ASV10,0,0,0
E040,ASV11,0,0,0
E040,ASV12,0,0,0
E040,ASV122,0,0,0
E040,ASV13,0,0,0
E040,ASV135,0,0,0
E040,ASV137,0,0,0
E040,ASV14,0,0,0
E040,ASV155,0.19177140668045045,148,1
E040,ASV163,0,0,0
E040,ASV177,0,0,0
E040,ASV191,0,0,0
E040,ASV2,0,0,0
E040,ASV20,1,8122,1
E040,ASV21,0,0,0
E040,ASV24,0,0,0
E040,ASV25,0,0,0
E040,ASV262,0,0,0
E040,ASV27,0,0,0
E040,ASV271,0,0,0
E040,ASV286,0,0,0
E040,ASV297,0,0,0
E040,ASV30,0,0,0
E040,ASV31,0,0,0
E040,ASV33,0,0,0
E040,ASV34,0,0,0
E040,ASV39,0,0,0
E040,ASV4,0,0,0
E040,ASV41,0,0,0
E040,ASV45,0,0,0
E040,ASV46,0,0,0
E040,ASV47,0,0,0
E040,ASV5,0,0,0
E040,ASV50,0,0,0
E040,ASV513,0,0,0
E040,ASV52,0,0,0
E040,ASV534,0,0,0
E040,ASV58,0,0,0
E040,ASV6,0,0,0
E040,ASV616,0,0,0
E040,ASV62,0,0,0
E040,ASV633,0,0,0
E040,ASV67,0,0,0
E040,ASV68,0,0,0
E040,ASV7,0,0,0
E040,ASV70,0,0,0
E040,ASV719,0,0,0
E040,ASV72,0,0,0
E040,ASV75,0,0,0
E040,ASV8,0,0,0
E040,ASV84,0,0,0
E040,ASV9,0,0,0
E040,ASV91,0,0,0
E040,ASV97,0,0,0
E042,ASV1,0,0,0
E042,ASV10,0.9600796920827783,11632,1
E042,ASV11,0,0,0
E042,ASV12,0,0,0
E042,ASV122,0,0,0
E042,ASV13,0,0,0
E042,ASV135,0,0,0
E042,ASV137,0.01471567839141254,94,1
E042,ASV14,0,0,0
E042,ASV155,0.2545161384972426,352,1
E042,ASV163,0,0,0
E042,ASV177,0,0,0
E042,ASV191,0,0,0
E042,ASV2,0,0,0
E042,ASV20,0,0,0
E042,ASV21,0,0,0
E042,ASV24,0,0,0
E042,ASV25,0,0,0
E042,ASV262,0,0,0
E042,ASV27,0,0,0
E042,ASV271,0,0,0
E042,ASV286,0,0,0
E042,ASV297,0,0,0
E042,ASV30,0,0,0
E042,ASV31,0,0,0
E042,ASV33,0,0,0
E042,ASV34,0,0,0
E042,ASV39,0,0,0
E042,ASV4,0,0,0
E042,ASV41,0,0,0
E042,ASV45,0,0,0
E042,ASV46,0,0,0
E042,ASV47,0,0,0
E042,ASV5,0.3853078720686528,7504,1
E042,ASV50,0,0,0
E042,ASV513,0,0,0
E042,ASV52,0,0,0
E042,ASV534,0,0,0
E042,ASV58,0,0,0
E042,ASV6,0.0691830087207169,751,1
E042,ASV616,0,0,0
E042,ASV62,0,0,0
E042,ASV633,0,0,0
E042,ASV67,0,0,0
E042,ASV68,0,0,0
E042,ASV7,0,0,0
E042,ASV70,0,0,0
E042,ASV719,0,0,0
E042,ASV72,0,0,0
E042,ASV75,0,0,0
E042,ASV8,0,0,0
E042,ASV84,0,0,0
E042,ASV9,0,0,0
E042,ASV91,0,0,0
E042,ASV97,0,0,0
E044,ASV1,0,0,0
E044,ASV10,0,0,0
E044,ASV11,0,0,0
E044,ASV12,0,0,0
E044,ASV122,0,0,0
E044,ASV13,0,0,0
E044,ASV135,0,0,0
E044,ASV137,0,0,0
E044,ASV14,0,0,0
E044,ASV155,0,0,0
E044,ASV163,0,0,0
E044,ASV177,0,0,0
E044,ASV191,0,0,0
E044,ASV2,0,0,0
E044,ASV20,0,0,0
E044,ASV21,0,0,0
E044,ASV24,0,0,0
E044,ASV25,0,0,0
E044,ASV262,0,0,0
E044,ASV27,0,0,0
E044,ASV271,0,0,0
E044,ASV286,0,0,0
E044,ASV297,0,0,0
E044,ASV30,0,0,0
E044,ASV31,0,0,0
E044,ASV33,0,0,0
E044,ASV34,0,0,0
E044,ASV39,0,0,0
E044,ASV4,0,0,0
E044,ASV41,0,0,0
E044,ASV45,0,0,0
E044,ASV46,0,0,0
E044,ASV47,0,0,0
E044,ASV5,0,0,0
E044,ASV50,0,0,0
E044,ASV513,0,0,0
E044,ASV52,1,11482,1
E044,ASV534,0,0,0
E044,ASV58,0,0,0
E044,ASV6,0,0,0
E044,ASV616,0,0,0
E044,ASV62,0,0,0
E044,ASV633,0,0,0
E044,ASV67,0,0,0
E044,ASV68,0,0,0
E044,ASV7,0.23454075993131118,24764,1
E044,ASV70,0,0,0
E044,ASV719,0,0,0
E044,ASV72,0,0,0
E044,ASV75,0,0,0
E044,ASV8,0,0,0
E044,ASV84,0,0,0
E044,ASV9,1,45601,1
E044,ASV91,0,0,0
E044,ASV97,0,0,0
E046,ASV1,0,0,0
E046,ASV10,1,3886,1
E046,ASV11,0,0,0
E046,ASV12,0,0,0
E046,ASV122,0,0,0
E046,ASV13,0,0,0
E046,ASV135,0,0,0
E046,ASV137,0.16448513246241733,337,1
E046,ASV14,0,0,0
E046,ASV155,0.2524846607727442,112,1
E046,ASV163,0.6620102083893005,450,1
E046,ASV177,0.8954549578055614,241,1
E046,ASV191,0,0,0
E046,ASV2,0,0,0
E046,ASV20,0,0,0
E046,ASV21,0,0,0
E046,ASV24,0,0,0
E046,ASV25,0,0,0
E046,ASV262,0,0,0
E046,ASV27,0,0,0
E046,ASV271,0,0,0
E046,ASV286,1,255,1
E046,ASV297,0,0,0
E046,ASV30,0,0,0
E046,ASV31,0,0,0
E046,ASV33,0,0,0
E046,ASV34,0,0,0
E046,ASV39,0,0,0
E046,ASV4,0,0,0
E046,ASV41,0,0,0
E046,ASV45,0,0,0
E046,ASV46,0,0,0
E046,ASV47,0,0,0
E046,ASV5,0.024333409139813047,152,1
E046,ASV50,0,0,0
E046,ASV513,0,0,0
E046,ASV52,0,0,0
E046,ASV534,0,0,0
E046,ASV58,0,0,0
E046,ASV6,0,0,0
E046,ASV616,0,0,0
E046,ASV62,0,0,0
E046,ASV633,0,0,0
E046,ASV67,0,0,0
E046,ASV68,0,0,0
E046,ASV7,0,0,0
E046,ASV70,0,0,0
E046,ASV719,0,0,0
E046,ASV72,0,0,0
E046,ASV75,0,0,0
E046,ASV8,0,0,0
E046,ASV84,0,0,0
E046,ASV9,0,0,0
E046,ASV91,0,0,0
E046,ASV97,0,0,0
E047,ASV1,0.16742235187822577,107707,1
E047,ASV10,0.0663149618819552,26375,1
E047,ASV11,0,0,0
E047,ASV12,0,0,0
E047,ASV122,0,0,0
E047,ASV13,0,0,0
E047,ASV135,0,0,0
E047,ASV137,0,0,0
E047,ASV14,0,0,0
E047,ASV155,0,0,0
E047,ASV163,0,0,0
E047,ASV177,0,0,0
E047,ASV191,1,1825,1
E047,ASV2,0,0,0
E047,ASV20,0,0,0
E047,ASV21,0,0,0
E047,ASV24,0,0,0
E047,ASV25,0,0,0
E047,ASV262,0,0,0
E047,ASV27,0,0,0
E047,ASV271,0,0,0
E047,ASV286,0,0,0
E047,ASV297,0,0,0
E047,ASV30,0,0,0
E047,ASV31,0,0,0
E047,ASV33,0,0,0
E047,ASV34,0,0,0
E047,ASV39,0,0,0
E047,ASV4,0,0,0
E047,ASV41,0,0,0
E047,ASV45,0.8143465110442282,6394,1
E047,ASV46,0,0,0
E047,ASV47,0.02249453425726753,425,1
E047,ASV5,0.13558609600267205,86683,1
E047,ASV50,0,0,0
E047,ASV513,0,0,0
E047,ASV52,0,0,0
E047,ASV534,0,0,0
E047,ASV58,0,0,0
E047,ASV6,1,356348,1
E047,ASV616,0,0,0
E047,ASV62,0,0,0
E047,ASV633,0,0,0
E047,ASV67,0,0,0
E047,ASV68,0.7516394320776808,3969,1
E047,ASV7,0.043032788539407896,24693,1
E047,ASV70,1,10657,1
E047,ASV719,0,0,0
E047,ASV72,0,0,0
E047,ASV75,0,0,0
E047,ASV8,0,0,0
E047,ASV84,0,0,0
E047,ASV9,0,0,0
E047,ASV91,1,6384,1
E047,ASV97,1,6189,1
E049,ASV1,0.5658158497690089,157874,1
E049,ASV10,0.05886999121742429,10155,1
E049,ASV11,0,0,0
E049,ASV12,0,0,0
E049,ASV122,0,0,0
E049,ASV13,0,0,0
E049,ASV135,1,2970,1
E049,ASV137,0,0,0
E049,ASV14,0,0,0
E049,ASV155,0,0,0
E049,ASV163,0,0,0
E049,ASV177,0,0,0
E049,ASV191,0,0,0
E049,ASV2,0,0,0
E049,ASV20,0,0,0
E049,ASV21,0,0,0
E049,ASV24,0,0,0
E049,ASV25,0,0,0
E049,ASV262,0,0,0
E049,ASV27,1,5428,1
E049,ASV271,0,0,0
E049,ASV286,0,0,0
E049,ASV297,0,0,0
E049,ASV30,0,0,0
E049,ASV31,0,0,0
E049,ASV33,0,0,0
E049,ASV34,0,0,0
E049,ASV39,0,0,0
E049,ASV4,0,0,0
E049,ASV41,0,0,0
E049,ASV45,0.8618659057460928,2935,1
E049,ASV46,0,0,0
E049,ASV47,0,0,0
E049,ASV5,0.03445572931324651,9554,1
E049,ASV50,0,0,0
E049,ASV513,0,0,0
E049,ASV52,0,0,0
E049,ASV534,0,0,0
E049,ASV58,0,0,0
E049,ASV6,0.5945377846336162,91888,1
E049,ASV616,0,0,0
E049,ASV62,0,0,0
E049,ASV633,1,40,1
E049,ASV67,0,0,0
E049,ASV68,0,0,0
E049,ASV7,0,0,0
E049,ASV70,0,0,0
E049,ASV719,0,0,0
E049,ASV72,0,0,0
E049,ASV75,0,0,0
E049,ASV8,0,0,0
E049,ASV84,0,0,0
E049,ASV9,0,0,0
E049,ASV91,0,0,0
E049,ASV97,0,0,0
E050,ASV1,0.14892760043831685,38855,1
E050,ASV10,0,0,0
E050,ASV11,0,0,0
E050,ASV12,0.13212678104370854,4092,1
E050,ASV122,1,139,1
E050,ASV13,0.3455416297963433,13230,1
E050,ASV135,0,0,0
E050,ASV137,0,0,0
E050,ASV14,0.013735392646015013,373,1
E050,ASV155,0,0,0
E050,ASV163,0,0,0
E050,ASV177,0,0,0
E050,ASV191,0,0,0
E050,ASV2,0.1602386435560976,944,1
E050,ASV20,0,0,0
E050,ASV21,0,0,0
E050,ASV24,0,0,0
E050,ASV25,0,0,0
E050,ASV262,0,0,0
E050,ASV27,0,0,0
E050,ASV271,0,0,0
E050,ASV286,0,0,0
E050,ASV297,0,0,0
E050,ASV30,0,0,0
E050,ASV31,0,0,0
E050,ASV33,0,0,0
E050,ASV34,0,0,0
E050,ASV39,0.2836701739622608,1785,1
E050,ASV4,0.06328288076680452,1573,1
E050,ASV41,0,0,0
E050,ASV45,0,0,0
E050,ASV46,0,0,0
E050,ASV47,0,0,0
E050,ASV5,0.020912189506627037,5422,1
E050,ASV50,0,0,0
E050,ASV513,0,0,0
E050,ASV52,0,0,0
E050,ASV534,0,0,0
E050,ASV58,1,3795,1
E050,ASV6,0,0,0
E050,ASV616,0,0,0
E050,ASV62,0,0,0
E050,ASV633,0,0,0
E050,ASV67,0,0,0
E050,ASV68,0,0,0
E050,ASV7,0,0,0
E050,ASV70,0,0,0
E050,ASV719,0,0,0
E050,ASV72,0,0,0
E050,ASV75,0,0,0
E050,ASV8,0.027428951268987152,7517,1
E050,ASV84,0,0,0
E050,ASV9,0,0,0
E050,ASV91,0,0,0
E050,ASV97,0,0,0
E051,ASV1,0.6298938540529727,126680,1
E051,ASV10,0.02537512713843387,3155,1
E051,ASV11,0.24820863627234643,489,1
E051,ASV12,0.5664470442519068,13523,1
E051,ASV122,0,0,0
E051,ASV13,0,0,0
E051,ASV135,0,0,0
E051,ASV137,0,0,0
E051,ASV14,0.0810671913608657,1697,1
E051,ASV155,0,0,0
E051,ASV163,0,0,0
E051,ASV177,0,0,0
E051,ASV191,0,0,0
E051,ASV2,0.12573680229562662,571,1
E051,ASV20,0,0,0
E051,ASV21,0.06530869042325901,690,1
E051,ASV24,0,0,0
E051,ASV25,0,0,0
E051,ASV262,0,0,0
E051,ASV27,0,0,0
E051,ASV271,0,0,0
E051,ASV286,0,0,0
E051,ASV297,0,0,0
E051,ASV30,0,0,0
E051,ASV31,0,0,0
E051,ASV33,0,0,0
E051,ASV34,0,0,0
E051,ASV39,0.794750618124192,3855,1
E051,ASV4,0,0,0
E051,ASV41,0,0,0
E051,ASV45,0,0,0
E051,ASV46,0,0,0
E051,ASV47,0,0,0
E051,ASV5,0.08846129457082785,17680,1
E051,ASV50,0,0,0
E051,ASV513,0,0,0
E051,ASV52,0,0,0
E051,ASV534,0,0,0
E051,ASV58,0,0,0
E051,ASV6,0,0,0
E051,ASV616,0,0,0
E051,ASV62,0,0,0
E051,ASV633,0,0,0
E051,ASV67,0,0,0
E051,ASV68,0,0,0
E051,ASV7,0,0,0
E051,ASV70,0,0,0
E051,ASV719,0,0,0
E051,ASV72,0,0,0
E051,ASV75,1,2504,1
E051,ASV8,0.05075414229808527,10722,1
E051,ASV84,0,0,0
E051,ASV9,0,0,0
E051,ASV91,0,0,0
E051,ASV97,0,0,0
E052,ASV1,0.44388251623386804,121269,1
E052,ASV10,0,0,0
E052,ASV11,0.18196837518720646,487,1
E052,ASV12,0.6159617199417766,19976,1
E052,ASV122,0,0,0
E052,ASV13,0.258947380340809,10382,1
E052,ASV135,0,0,0
E052,ASV137,8.197665522291872e-4,73,1
E052,ASV14,0.01965775957309106,559,1
E052,ASV155,0,0,0
E052,ASV163,0,0,0
E052,ASV177,0,0,0
E052,ASV191,0,0,0
E052,ASV2,1,6169,1
E052,ASV20,0,0,0
E052,ASV21,0,0,0
E052,ASV24,0,0,0
E052,ASV25,0,0,0
E052,ASV262,0,0,0
E052,ASV27,0,0,0
E052,ASV271,0,0,0
E052,ASV286,0,0,0
E052,ASV297,0,0,0
E052,ASV30,0,0,0
E052,ASV31,0,0,0
E052,ASV33,0,0,0
E052,ASV34,1,530,1
E052,ASV39,0.28925995545424443,1906,1
E052,ASV4,0,0,0
E052,ASV41,0,0,0
E052,ASV45,0,0,0
E052,ASV46,0,0,0
E052,ASV47,0,0,0
E052,ASV5,0.06819886215091144,18516,1
E052,ASV50,1,1408,1
E052,ASV513,0,0,0
E052,ASV52,0,0,0
E052,ASV534,0,0,0
E052,ASV58,0,0,0
E052,ASV6,0.007202792543003661,1090,1
E052,ASV616,0,0,0
E052,ASV62,0,0,0
E052,ASV633,0,0,0
E052,ASV67,1,12083,1
E052,ASV68,0,0,0
E052,ASV7,0.005761578385946355,1404,1
E052,ASV70,0,0,0
E052,ASV719,0,0,0
E052,ASV72,0,0,0
E052,ASV75,0,0,0
E052,ASV8,0.05001117317776673,14352,1
E052,ASV84,0,0,0
E052,ASV9,0,0,0
E052,ASV91,0,0,0
E052,ASV97,0,0,0
E054,ASV1,0.5071064022490742,196275,1
E054,ASV10,0,0,0
E054,ASV11,0.9157196574897924,3472,1
E054,ASV12,0.8775696228957673,40320,1
E054,ASV122,0,0,0
E054,ASV13,0.46270561829591217,26282,1
E054,ASV135,0,0,0
E054,ASV137,0,0,0
E054,ASV14,0.4598785753765818,18527,1
E054,ASV155,0,0,0
E054,ASV163,0,0,0
E054,ASV177,0,0,0
E054,ASV191,0,0,0
E054,ASV2,0,0,0
E054,ASV20,0,0,0
E054,ASV21,0.08891910895869991,1808,1
E054,ASV24,0,0,0
E054,ASV25,0,0,0
E054,ASV262,0,0,0
E054,ASV27,0,0,0
E054,ASV271,0,0,0
E054,ASV286,0.004521729925680474,71,1
E054,ASV297,0,0,0
E054,ASV30,0,0,0
E054,ASV31,0,0,0
E054,ASV33,0,0,0
E054,ASV34,0,0,0
E054,ASV39,0.18360821178381032,1714,1
E054,ASV4,0.24737363736380766,9122,1
E054,ASV41,0,0,0
E054,ASV45,0,0,0
E054,ASV46,0,0,0
E054,ASV47,0,0,0
E054,ASV5,0.10156256251671757,39065,1
E054,ASV50,0,0,0
E054,ASV513,0,0,0
E054,ASV52,0,0,0
E054,ASV534,0,0,0
E054,ASV58,0,0,0
E054,ASV6,0.004776284960873938,1024,1
E054,ASV616,0,0,0
E054,ASV62,0.35043882269066917,945,1
E054,ASV633,0,0,0
E054,ASV67,0,0,0
E054,ASV68,0.86152493733196,2737,1
E054,ASV7,0,0,0
E054,ASV70,0,0,0
E054,ASV719,0,0,0
E054,ASV72,0,0,0
E054,ASV75,0.19796519475514396,954,1
E054,ASV8,0.08945196800623599,36368,1
E054,ASV84,0,0,0
E054,ASV9,0.025620151608226484,3820,1
E054,ASV91,0,0,0
E054,ASV97,0,0,0
E056,ASV1,0.4600736791272514,170172,1
E056,ASV10,0,0,0
E056,ASV11,0,0,0
E056,ASV12,1,43907,1
E056,ASV122,0,0,0
E056,ASV13,0.5493074441024103,29817,1
E056,ASV135,0.07949918508919766,313,1
E056,ASV137,0,0,0
E056,ASV14,0.3544448088122505,13646,1
E056,ASV155,0,0,0
E056,ASV163,0,0,0
E056,ASV177,0,0,0
E056,ASV191,0,0,0
E056,ASV2,0,0,0
E056,ASV20,0,0,0
E056,ASV21,0,0,0
E056,ASV24,0,0,0
E056,ASV25,0,0,0
E056,ASV262,0,0,0
E056,ASV27,0,0,0
E056,ASV271,0,0,0
E056,ASV286,0,0,0
E056,ASV297,0,0,0
E056,ASV30,0,0,0
E056,ASV31,0,0,0
E056,ASV33,0,0,0
E056,ASV34,0,0,0
E056,ASV39,1,8921,1
E056,ASV4,0.1941847250029532,6843,1
E056,ASV41,0,0,0
E056,ASV45,0.031012331650473898,140,1
E056,ASV46,0,0,0
E056,ASV47,0,0,0
E056,ASV5,0.14418181209266726,52998,1
E056,ASV50,0,0,0
E056,ASV513,0,0,0
E056,ASV52,0,0,0
E056,ASV534,0,0,0
E056,ASV58,0,0,0
E056,ASV6,0,0,0
E056,ASV616,0,0,0
E056,ASV62,1,2577,1
E056,ASV633,0,0,0
E056,ASV67,0,0,0
E056,ASV68,1,3036,1
E056,ASV7,0,0,0
E056,ASV70,0,0,0
E056,ASV719,0,0,0
E056,ASV72,0,0,0
E056,ASV75,0.08946287695666034,412,1
E056,ASV8,0.03280829373297106,12747,1
E056,ASV84,0,0,0
E056,ASV9,0.027490148211660365,3917,1
E056,ASV91,0,0,0
E056,ASV97,0,0,0
E057,ASV1,0.5497644827806082,247213,1
E057,ASV10,0,0,0
E057,ASV11,1,4405,1
E057,ASV12,0.8368699998159628,44671,1
E057,ASV122,0,0,0
E057,ASV13,0,0,0
E057,ASV135,0,0,0
E057,ASV137,0,0,0
E057,ASV14,0.6763191120000781,31655,1
E057,ASV155,0,0,0
E057,ASV163,0,0,0
E057,ASV177,0,0,0
E057,ASV191,0,0,0
E057,ASV2,0,0,0
E057,ASV20,0,0,0
E057,ASV21,0.25081661202912153,5925,1
E057,ASV24,0,0,0
E057,ASV25,0,0,0
E057,ASV262,1,1102,1
E057,ASV27,0,0,0
E057,ASV271,0,0,0
E057,ASV286,0,0,0
E057,ASV297,0,0,0
E057,ASV30,0,0,0
E057,ASV31,0.28077612762972903,3960,1
E057,ASV33,0,0,0
E057,ASV34,0,0,0
E057,ASV39,0.4837052890243587,5246,1
E057,ASV4,0.14481261725376696,6204,1
E057,ASV41,0,0,0
E057,ASV45,0,0,0
E057,ASV46,0,0,0
E057,ASV47,0,0,0
E057,ASV5,0.12465768653632497,55706,1
E057,ASV50,0,0,0
E057,ASV513,0,0,0
E057,ASV52,0,0,0
E057,ASV534,0,0,0
E057,ASV58,0,0,0
E057,ASV6,0,0,0
E057,ASV616,0,0,0
E057,ASV62,0,0,0
E057,ASV633,0,0,0
E057,ASV67,0,0,0
E057,ASV68,0.4884949166832115,1803,1
E057,ASV7,0,0,0
E057,ASV70,0,0,0
E057,ASV719,0,0,0
E057,ASV72,0,0,0
E057,ASV75,0.14342579924158436,803,1
E057,ASV8,0.05866065756689492,27708,1
E057,ASV84,0,0,0
E057,ASV9,0,0,0
E057,ASV91,0,0,0
E057,ASV97,0,0,0
