set_number,LCT,gamma_detection_method,alpha_detection_method,beta_detection_method,set_read_index,weight_total_kg,pabs_trawl,p_abs_eDNA,area,line,net_tow,date,time_in_water_gmt,start_latitude_n,start_longitude_w,time_door_in,lat_door_in_deg,lat_door_in_min,long_door_in_deg,long_door_in_min,time_door_out,lat_door_out_deg,lat_door_out_min,long_door_out_deg,long_door_out_min,time_out_of_water_gmt,end_latitude_n,end_longitude_w,bottom_depth_m,depth_range_targeted_m,depth_mean,time_target_depth_start_gmt,time_target_depth_stop_gmt,average_wire_out,vessel_tow_speed_knots,codend_fullness,fraction_processed,notes,leg,lat_door_in_dd,long_door_in_dd,lat_door_out_dd,long_door_out_dd,duration_minutes
1,Clupea pallasii,both eDNA/trawl,both eDNA/trawl,both eDNA/trawl,29.2772429491729,0.028,1,1,JS,-,1,18-08-01,17:02,50 32.558 ,126 44.733,17:11,50,32.585,126,44.657,17:36,50,32.412,126,43.095,17:46,50 32.680,126 42.608,442,50,50,17:14,17:34,,3,almost 0 (very small),"Counted all, measured all (exept jellyfish )",,northern,50.543083333333335,-126.74428333333333,50.5402,-126.71825,25
1,Oncorhynchus kisutch,both eDNA/trawl,only eDNA,both eDNA/trawl,5.0644826446411,0,0,1,JS,-,1,18-08-01,17:02,50 32.558 ,126 44.733,17:11,50,32.585,126,44.657,17:36,50,32.412,126,43.095,17:46,50 32.680,126 42.608,442,50,50,17:14,17:34,,3,almost 0 (very small),"Counted all, measured all (exept jellyfish )",,northern,50.543083333333335,-126.74428333333333,50.5402,-126.71825,25
1,Gadus/chalcogrammus,both eDNA/trawl,only eDNA,both eDNA/trawl,4.05587664672734,0,0,1,JS,-,1,18-08-01,17:02,50 32.558 ,126 44.733,17:11,50,32.585,126,44.657,17:36,50,32.412,126,43.095,17:46,50 32.680,126 42.608,442,50,50,17:14,17:34,,3,almost 0 (very small),"Counted all, measured all (exept jellyfish )",,northern,50.543083333333335,-126.74428333333333,50.5402,-126.71825,25
1,Thaleichthys pacificus,both eDNA/trawl,only eDNA,both eDNA/trawl,4.19950020824656,0,0,1,JS,-,1,18-08-01,17:02,50 32.558 ,126 44.733,17:11,50,32.585,126,44.657,17:36,50,32.412,126,43.095,17:46,50 32.680,126 42.608,442,50,50,17:14,17:34,,3,almost 0 (very small),"Counted all, measured all (exept jellyfish )",,northern,50.543083333333335,-126.74428333333333,50.5402,-126.71825,25
1,Merluccius productus,both eDNA/trawl,only eDNA,both eDNA/trawl,1.11448640616811,0,0,1,JS,-,1,18-08-01,17:02,50 32.558 ,126 44.733,17:11,50,32.585,126,44.657,17:36,50,32.412,126,43.095,17:46,50 32.680,126 42.608,442,50,50,17:14,17:34,,3,almost 0 (very small),"Counted all, measured all (exept jellyfish )",,northern,50.543083333333335,-126.74428333333333,50.5402,-126.71825,25
1,Sebastes alutus,only eDNA,only eDNA,only eDNA,1.26084534743058,0,0,1,JS,-,1,18-08-01,17:02,50 32.558 ,126 44.733,17:11,50,32.585,126,44.657,17:36,50,32.412,126,43.095,17:46,50 32.680,126 42.608,442,50,50,17:14,17:34,,3,almost 0 (very small),"Counted all, measured all (exept jellyfish )",,northern,50.543083333333335,-126.74428333333333,50.5402,-126.71825,25
1,Squalus suckleyi,both eDNA/trawl,only eDNA,both eDNA/trawl,7.88437572565519,0,0,1,JS,-,1,18-08-01,17:02,50 32.558 ,126 44.733,17:11,50,32.585,126,44.657,17:36,50,32.412,126,43.095,17:46,50 32.680,126 42.608,442,50,50,17:14,17:34,,3,almost 0 (very small),"Counted all, measured all (exept jellyfish )",,northern,50.543083333333335,-126.74428333333333,50.5402,-126.71825,25
1,Oncorhynchus gorbuscha,both eDNA/trawl,only eDNA,only eDNA,2.4270173472183,0,0,1,JS,-,1,18-08-01,17:02,50 32.558 ,126 44.733,17:11,50,32.585,126,44.657,17:36,50,32.412,126,43.095,17:46,50 32.680,126 42.608,442,50,50,17:14,17:34,,3,almost 0 (very small),"Counted all, measured all (exept jellyfish )",,northern,50.543083333333335,-126.74428333333333,50.5402,-126.71825,25
1,Oncorhynchus nerka,only eDNA,only eDNA,only eDNA,5.92207948771161,0,0,1,JS,-,1,18-08-01,17:02,50 32.558 ,126 44.733,17:11,50,32.585,126,44.657,17:36,50,32.412,126,43.095,17:46,50 32.680,126 42.608,442,50,50,17:14,17:34,,3,almost 0 (very small),"Counted all, measured all (exept jellyfish )",,northern,50.543083333333335,-126.74428333333333,50.5402,-126.71825,25
10,Squalus suckleyi,both eDNA/trawl,only trawl,both eDNA/trawl,0,9.54,1,0,JF,F29,10,18-08-10,16:35,48 31.212,124 34.479,16:46,48,31.277,124,34.658,17:15,48,31.578,124,37.501,17:21,48 31.661,124 37.805,150,80,80,16:50,17:12,94-123 fm,3.2-4.9,big catch,go through all samples for 20,Camera installed.,southern,48.521283333333336,-124.57763333333334,48.5263,-124.62501666666667,29
10,Gadus/chalcogrammus,both eDNA/trawl,only trawl,both eDNA/trawl,0,36.466,1,0,JF,F29,10,18-08-10,16:35,48 31.212,124 34.479,16:46,48,31.277,124,34.658,17:15,48,31.578,124,37.501,17:21,48 31.661,124 37.805,150,80,80,16:50,17:12,94-123 fm,3.2-4.9,big catch,go through all samples for 20,Camera installed.,southern,48.521283333333336,-124.57763333333334,48.5263,-124.62501666666667,29
10,Merluccius productus,both eDNA/trawl,both eDNA/trawl,both eDNA/trawl,2.27776392309302,86.866,1,1,JF,F29,10,18-08-10,16:35,48 31.212,124 34.479,16:46,48,31.277,124,34.658,17:15,48,31.578,124,37.501,17:21,48 31.661,124 37.805,150,80,80,16:50,17:12,94-123 fm,3.2-4.9,big catch,go through all samples for 20,Camera installed.,southern,48.521283333333336,-124.57763333333334,48.5263,-124.62501666666667,29
10,Clupea pallasii,both eDNA/trawl,both eDNA/trawl,both eDNA/trawl,25.7594438854843,0.682,1,1,JF,F29,10,18-08-10,16:35,48 31.212,124 34.479,16:46,48,31.277,124,34.658,17:15,48,31.578,124,37.501,17:21,48 31.661,124 37.805,150,80,80,16:50,17:12,94-123 fm,3.2-4.9,big catch,go through all samples for 20,Camera installed.,southern,48.521283333333336,-124.57763333333334,48.5263,-124.62501666666667,29
10,Entosphenus tridentatus,only trawl,only trawl,only trawl,0,0.058,1,0,JF,F29,10,18-08-10,16:35,48 31.212,124 34.479,16:46,48,31.277,124,34.658,17:15,48,31.578,124,37.501,17:21,48 31.661,124 37.805,150,80,80,16:50,17:12,94-123 fm,3.2-4.9,big catch,go through all samples for 20,Camera installed.,southern,48.521283333333336,-124.57763333333334,48.5263,-124.62501666666667,29
10,Oncorhynchus tshawytscha,both eDNA/trawl,only trawl,both eDNA/trawl,0,16.116,1,0,JF,F29,10,18-08-10,16:35,48 31.212,124 34.479,16:46,48,31.277,124,34.658,17:15,48,31.578,124,37.501,17:21,48 31.661,124 37.805,150,80,80,16:50,17:12,94-123 fm,3.2-4.9,big catch,go through all samples for 20,Camera installed.,southern,48.521283333333336,-124.57763333333334,48.5263,-124.62501666666667,29
10,Thaleichthys pacificus,both eDNA/trawl,both eDNA/trawl,both eDNA/trawl,9.65222141296431,0.058,1,1,JF,F29,10,18-08-10,16:35,48 31.212,124 34.479,16:46,48,31.277,124,34.658,17:15,48,31.578,124,37.501,17:21,48 31.661,124 37.805,150,80,80,16:50,17:12,94-123 fm,3.2-4.9,big catch,go through all samples for 20,Camera installed.,southern,48.521283333333336,-124.57763333333334,48.5263,-124.62501666666667,29
10,Sebastes entomelas,both eDNA/trawl,only eDNA,only eDNA,0.69759452819912,0,0,1,JF,F29,10,18-08-10,16:35,48 31.212,124 34.479,16:46,48,31.277,124,34.658,17:15,48,31.578,124,37.501,17:21,48 31.661,124 37.805,150,80,80,16:50,17:12,94-123 fm,3.2-4.9,big catch,go through all samples for 20,Camera installed.,southern,48.521283333333336,-124.57763333333334,48.5263,-124.62501666666667,29
10,Oncorhynchus nerka,only eDNA,only eDNA,only eDNA,8.23799506082502,0,0,1,JF,F29,10,18-08-10,16:35,48 31.212,124 34.479,16:46,48,31.277,124,34.658,17:15,48,31.578,124,37.501,17:21,48 31.661,124 37.805,150,80,80,16:50,17:12,94-123 fm,3.2-4.9,big catch,go through all samples for 20,Camera installed.,southern,48.521283333333336,-124.57763333333334,48.5263,-124.62501666666667,29
11,Squalus suckleyi,both eDNA/trawl,both eDNA/trawl,both eDNA/trawl,2.16322092861017,4.376,1,1,JF,F27,11,18-08-10,20:20,48 28.477,124 30.917,20:29,48,28.341,124,30.823,21:04,48,28.994,124,32.067,21:09,48 28.807,124 32.219,213,200,200,20:36,20:57,275-330 fm,~2.3,1 basket,-,,southern,48.47235,-124.51371666666667,48.48323333333333,-124.53445,35
11,Gadus/chalcogrammus,both eDNA/trawl,both eDNA/trawl,both eDNA/trawl,1.47910245474711,1.472,1,1,JF,F27,11,18-08-10,20:20,48 28.477,124 30.917,20:29,48,28.341,124,30.823,21:04,48,28.994,124,32.067,21:09,48 28.807,124 32.219,213,200,200,20:36,20:57,275-330 fm,~2.3,1 basket,-,,southern,48.47235,-124.51371666666667,48.48323333333333,-124.53445,35
11,Diaphus theta,only trawl,only trawl,only trawl,0,0.028,1,0,JF,F27,11,18-08-10,20:20,48 28.477,124 30.917,20:29,48,28.341,124,30.823,21:04,48,28.994,124,32.067,21:09,48 28.807,124 32.219,213,200,200,20:36,20:57,275-330 fm,~2.3,1 basket,-,,southern,48.47235,-124.51371666666667,48.48323333333333,-124.53445,35
11,Merluccius productus,both eDNA/trawl,both eDNA/trawl,both eDNA/trawl,13.8159848117377,20.376,1,1,JF,F27,11,18-08-10,20:20,48 28.477,124 30.917,20:29,48,28.341,124,30.823,21:04,48,28.994,124,32.067,21:09,48 28.807,124 32.219,213,200,200,20:36,20:57,275-330 fm,~2.3,1 basket,-,,southern,48.47235,-124.51371666666667,48.48323333333333,-124.53445,35
12,Allosmerus elongatus,only trawl,only trawl,only trawl,0,0.028,1,0,JF,F21,12,18-08-11,19:10,48 26.358,124 17.188,19:19,48,26.396,124,17.286,19:46,48,27.058,124,19.415,19:53,48 26.991,124 19.777,115,25,25,19:22,19:41,50-129 fm,3.1-4.5,~10 baskets,-,,southern,48.439933333333336,-124.2881,48.450966666666666,-124.32358333333333,27
12,Alosa sapidissima,both eDNA/trawl,only eDNA,both eDNA/trawl,0.277052556963114,0,0,1,JF,F21,12,18-08-11,19:10,48 26.358,124 17.188,19:19,48,26.396,124,17.286,19:46,48,27.058,124,19.415,19:53,48 26.991,124 19.777,115,25,25,19:22,19:41,50-129 fm,3.1-4.5,~10 baskets,-,,southern,48.439933333333336,-124.2881,48.450966666666666,-124.32358333333333,27
12,Clupea pallasii,both eDNA/trawl,both eDNA/trawl,both eDNA/trawl,20.4581868599338,2.698,1,1,JF,F21,12,18-08-11,19:10,48 26.358,124 17.188,19:19,48,26.396,124,17.286,19:46,48,27.058,124,19.415,19:53,48 26.991,124 19.777,115,25,25,19:22,19:41,50-129 fm,3.1-4.5,~10 baskets,-,,southern,48.439933333333336,-124.2881,48.450966666666666,-124.32358333333333,27
12,Merluccius productus,both eDNA/trawl,only eDNA,both eDNA/trawl,0.894846187602415,0,0,1,JF,F21,12,18-08-11,19:10,48 26.358,124 17.188,19:19,48,26.396,124,17.286,19:46,48,27.058,124,19.415,19:53,48 26.991,124 19.777,115,25,25,19:22,19:41,50-129 fm,3.1-4.5,~10 baskets,-,,southern,48.439933333333336,-124.2881,48.450966666666666,-124.32358333333333,27
12,Anoplopoma fimbria,both eDNA/trawl,only eDNA,only eDNA,0.578337801786457,0,0,1,JF,F21,12,18-08-11,19:10,48 26.358,124 17.188,19:19,48,26.396,124,17.286,19:46,48,27.058,124,19.415,19:53,48 26.991,124 19.777,115,25,25,19:22,19:41,50-129 fm,3.1-4.5,~10 baskets,-,,southern,48.439933333333336,-124.2881,48.450966666666666,-124.32358333333333,27
12,Thaleichthys pacificus,both eDNA/trawl,both eDNA/trawl,both eDNA/trawl,8.27312776538787,0.34,1,1,JF,F21,12,18-08-11,19:10,48 26.358,124 17.188,19:19,48,26.396,124,17.286,19:46,48,27.058,124,19.415,19:53,48 26.991,124 19.777,115,25,25,19:22,19:41,50-129 fm,3.1-4.5,~10 baskets,-,,southern,48.439933333333336,-124.2881,48.450966666666666,-124.32358333333333,27
12,Glyptocephalus zachirus,only eDNA,only eDNA,only eDNA,2.02824712474726,0,0,1,JF,F21,12,18-08-11,19:10,48 26.358,124 17.188,19:19,48,26.396,124,17.286,19:46,48,27.058,124,19.415,19:53,48 26.991,124 19.777,115,25,25,19:22,19:41,50-129 fm,3.1-4.5,~10 baskets,-,,southern,48.439933333333336,-124.2881,48.450966666666666,-124.32358333333333,27
12,Oncorhynchus kisutch,both eDNA/trawl,only eDNA,both eDNA/trawl,2.24341235328162,0,0,1,JF,F21,12,18-08-11,19:10,48 26.358,124 17.188,19:19,48,26.396,124,17.286,19:46,48,27.058,124,19.415,19:53,48 26.991,124 19.777,115,25,25,19:22,19:41,50-129 fm,3.1-4.5,~10 baskets,-,,southern,48.439933333333336,-124.2881,48.450966666666666,-124.32358333333333,27
12,Squalus suckleyi,both eDNA/trawl,both eDNA/trawl,both eDNA/trawl,5.63627015166444,43.49,1,1,JF,F21,12,18-08-11,19:10,48 26.358,124 17.188,19:19,48,26.396,124,17.286,19:46,48,27.058,124,19.415,19:53,48 26.991,124 19.777,115,25,25,19:22,19:41,50-129 fm,3.1-4.5,~10 baskets,-,,southern,48.439933333333336,-124.2881,48.450966666666666,-124.32358333333333,27
12,Oncorhynchus gorbuscha,both eDNA/trawl,both eDNA/trawl,both eDNA/trawl,6,2.76,1,1,JF,F21,12,18-08-11,19:10,48 26.358,124 17.188,19:19,48,26.396,124,17.286,19:46,48,27.058,124,19.415,19:53,48 26.991,124 19.777,115,25,25,19:22,19:41,50-129 fm,3.1-4.5,~10 baskets,-,,southern,48.439933333333336,-124.2881,48.450966666666666,-124.32358333333333,27
12,Cryptacanthodes giganteus,only eDNA,only eDNA,only eDNA,3,0,0,1,JF,F21,12,18-08-11,19:10,48 26.358,124 17.188,19:19,48,26.396,124,17.286,19:46,48,27.058,124,19.415,19:53,48 26.991,124 19.777,115,25,25,19:22,19:41,50-129 fm,3.1-4.5,~10 baskets,-,,southern,48.439933333333336,-124.2881,48.450966666666666,-124.32358333333333,27
12,Citharichthys stigmaeus,only eDNA,only eDNA,only eDNA,0.524541920706915,0,0,1,JF,F21,12,18-08-11,19:10,48 26.358,124 17.188,19:19,48,26.396,124,17.286,19:46,48,27.058,124,19.415,19:53,48 26.991,124 19.777,115,25,25,19:22,19:41,50-129 fm,3.1-4.5,~10 baskets,-,,southern,48.439933333333336,-124.2881,48.450966666666666,-124.32358333333333,27
12,Oncorhynchus keta,both eDNA/trawl,only trawl,both eDNA/trawl,0,1.338,1,0,JF,F21,12,18-08-11,19:10,48 26.358,124 17.188,19:19,48,26.396,124,17.286,19:46,48,27.058,124,19.415,19:53,48 26.991,124 19.777,115,25,25,19:22,19:41,50-129 fm,3.1-4.5,~10 baskets,-,,southern,48.439933333333336,-124.2881,48.450966666666666,-124.32358333333333,27
12,Engraulis mordax,only trawl,only trawl,only trawl,0,0.06,1,0,JF,F21,12,18-08-11,19:10,48 26.358,124 17.188,19:19,48,26.396,124,17.286,19:46,48,27.058,124,19.415,19:53,48 26.991,124 19.777,115,25,25,19:22,19:41,50-129 fm,3.1-4.5,~10 baskets,-,,southern,48.439933333333336,-124.2881,48.450966666666666,-124.32358333333333,27
12,Oncorhynchus nerka,only eDNA,only eDNA,only eDNA,5.99242404620473,0,0,1,JF,F21,12,18-08-11,19:10,48 26.358,124 17.188,19:19,48,26.396,124,17.286,19:46,48,27.058,124,19.415,19:53,48 26.991,124 19.777,115,25,25,19:22,19:41,50-129 fm,3.1-4.5,~10 baskets,-,,southern,48.439933333333336,-124.2881,48.450966666666666,-124.32358333333333,27
12,Sebastes entomelas,both eDNA/trawl,only eDNA,only eDNA,0.169575256632449,0,0,1,JF,F21,12,18-08-11,19:10,48 26.358,124 17.188,19:19,48,26.396,124,17.286,19:46,48,27.058,124,19.415,19:53,48 26.991,124 19.777,115,25,25,19:22,19:41,50-129 fm,3.1-4.5,~10 baskets,-,,southern,48.439933333333336,-124.2881,48.450966666666666,-124.32358333333333,27
12,Oncorhynchus tshawytscha,both eDNA/trawl,only trawl,both eDNA/trawl,0,8.602,1,0,JF,F21,12,18-08-11,19:10,48 26.358,124 17.188,19:19,48,26.396,124,17.286,19:46,48,27.058,124,19.415,19:53,48 26.991,124 19.777,115,25,25,19:22,19:41,50-129 fm,3.1-4.5,~10 baskets,-,,southern,48.439933333333336,-124.2881,48.450966666666666,-124.32358333333333,27
12,Gadus/chalcogrammus,both eDNA/trawl,both eDNA/trawl,both eDNA/trawl,0.00732408039945875,9.796,1,1,JF,F21,12,18-08-11,19:10,48 26.358,124 17.188,19:19,48,26.396,124,17.286,19:46,48,27.058,124,19.415,19:53,48 26.991,124 19.777,115,25,25,19:22,19:41,50-129 fm,3.1-4.5,~10 baskets,-,,southern,48.439933333333336,-124.2881,48.450966666666666,-124.32358333333333,27
13,Citharichthys stigmaeus,only eDNA,only eDNA,only eDNA,0.179575441975165,0,0,1,JF,F19,13,18-08-11,23:08,48 24.352,124 16.443,23:15,48,24.256,124,15.89,23:29,48,23.72,124,14.28,23:36,48 23.353,124 13.691,194,115-140,127.5,23:20,23:25,126-163 fm,4.5-6.1,-,-,Lots of fish larvae.,southern,48.404266666666665,-124.26483333333333,48.39533333333333,-124.238,14
13,Thaleichthys pacificus,both eDNA/trawl,both eDNA/trawl,both eDNA/trawl,0.997239094422971,0.06,1,1,JF,F19,13,18-08-11,23:08,48 24.352,124 16.443,23:15,48,24.256,124,15.89,23:29,48,23.72,124,14.28,23:36,48 23.353,124 13.691,194,115-140,127.5,23:20,23:25,126-163 fm,4.5-6.1,-,-,Lots of fish larvae.,southern,48.404266666666665,-124.26483333333333,48.39533333333333,-124.238,14
13,Oncorhynchus nerka,only eDNA,only eDNA,only eDNA,10.6268554271902,0,0,1,JF,F19,13,18-08-11,23:08,48 24.352,124 16.443,23:15,48,24.256,124,15.89,23:29,48,23.72,124,14.28,23:36,48 23.353,124 13.691,194,115-140,127.5,23:20,23:25,126-163 fm,4.5-6.1,-,-,Lots of fish larvae.,southern,48.404266666666665,-124.26483333333333,48.39533333333333,-124.238,14
13,Glyptocephalus zachirus,only eDNA,only eDNA,only eDNA,0.869452547761368,0,0,1,JF,F19,13,18-08-11,23:08,48 24.352,124 16.443,23:15,48,24.256,124,15.89,23:29,48,23.72,124,14.28,23:36,48 23.353,124 13.691,194,115-140,127.5,23:20,23:25,126-163 fm,4.5-6.1,-,-,Lots of fish larvae.,southern,48.404266666666665,-124.26483333333333,48.39533333333333,-124.238,14
13,Merluccius productus,both eDNA/trawl,both eDNA/trawl,both eDNA/trawl,1.81595064686403,24.676,1,1,JF,F19,13,18-08-11,23:08,48 24.352,124 16.443,23:15,48,24.256,124,15.89,23:29,48,23.72,124,14.28,23:36,48 23.353,124 13.691,194,115-140,127.5,23:20,23:25,126-163 fm,4.5-6.1,-,-,Lots of fish larvae.,southern,48.404266666666665,-124.26483333333333,48.39533333333333,-124.238,14
13,Gadus/chalcogrammus,both eDNA/trawl,both eDNA/trawl,both eDNA/trawl,21,45.339,1,1,JF,F19,13,18-08-11,23:08,48 24.352,124 16.443,23:15,48,24.256,124,15.89,23:29,48,23.72,124,14.28,23:36,48 23.353,124 13.691,194,115-140,127.5,23:20,23:25,126-163 fm,4.5-6.1,-,-,Lots of fish larvae.,southern,48.404266666666665,-124.26483333333333,48.39533333333333,-124.238,14
13,Oncorhynchus tshawytscha,both eDNA/trawl,only trawl,both eDNA/trawl,0,6.464,1,0,JF,F19,13,18-08-11,23:08,48 24.352,124 16.443,23:15,48,24.256,124,15.89,23:29,48,23.72,124,14.28,23:36,48 23.353,124 13.691,194,115-140,127.5,23:20,23:25,126-163 fm,4.5-6.1,-,-,Lots of fish larvae.,southern,48.404266666666665,-124.26483333333333,48.39533333333333,-124.238,14
13,Microstomus pacificus,only eDNA,only eDNA,only eDNA,3,0,0,1,JF,F19,13,18-08-11,23:08,48 24.352,124 16.443,23:15,48,24.256,124,15.89,23:29,48,23.72,124,14.28,23:36,48 23.353,124 13.691,194,115-140,127.5,23:20,23:25,126-163 fm,4.5-6.1,-,-,Lots of fish larvae.,southern,48.404266666666665,-124.26483333333333,48.39533333333333,-124.238,14
13,Clupea pallasii,both eDNA/trawl,only trawl,both eDNA/trawl,0,2.901,1,0,JF,F19,13,18-08-11,23:08,48 24.352,124 16.443,23:15,48,24.256,124,15.89,23:29,48,23.72,124,14.28,23:36,48 23.353,124 13.691,194,115-140,127.5,23:20,23:25,126-163 fm,4.5-6.1,-,-,Lots of fish larvae.,southern,48.404266666666665,-124.26483333333333,48.39533333333333,-124.238,14
13,Alosa sapidissima,both eDNA/trawl,only eDNA,both eDNA/trawl,0.541733539068104,0,0,1,JF,F19,13,18-08-11,23:08,48 24.352,124 16.443,23:15,48,24.256,124,15.89,23:29,48,23.72,124,14.28,23:36,48 23.353,124 13.691,194,115-140,127.5,23:20,23:25,126-163 fm,4.5-6.1,-,-,Lots of fish larvae.,southern,48.404266666666665,-124.26483333333333,48.39533333333333,-124.238,14
13,Squalus suckleyi,both eDNA/trawl,both eDNA/trawl,both eDNA/trawl,26.7988178884982,17.998,1,1,JF,F19,13,18-08-11,23:08,48 24.352,124 16.443,23:15,48,24.256,124,15.89,23:29,48,23.72,124,14.28,23:36,48 23.353,124 13.691,194,115-140,127.5,23:20,23:25,126-163 fm,4.5-6.1,-,-,Lots of fish larvae.,southern,48.404266666666665,-124.26483333333333,48.39533333333333,-124.238,14
13,Diaphus theta,only trawl,only trawl,only trawl,0,0.036,1,0,JF,F19,13,18-08-11,23:08,48 24.352,124 16.443,23:15,48,24.256,124,15.89,23:29,48,23.72,124,14.28,23:36,48 23.353,124 13.691,194,115-140,127.5,23:20,23:25,126-163 fm,4.5-6.1,-,-,Lots of fish larvae.,southern,48.404266666666665,-124.26483333333333,48.39533333333333,-124.238,14
14,Merluccius productus,both eDNA/trawl,only eDNA,both eDNA/trawl,2.7736052609695,0,0,1,SB,S2,14,18-08-12,17:01,48 32.552,125 02.033,17:09,48,32.586,125,2.228,17:27,48,32.223,125,3.875,17:32,48 32.298,125 04.248,75,50-60,55,17:14,17:23,100 fm,3.5-4.0,1.5 baskets,-,,southern,48.5431,-125.03713333333333,48.53705,-125.06458333333333,18
14,Anoplopoma fimbria,both eDNA/trawl,only eDNA,only eDNA,18.1689547162842,0,0,1,SB,S2,14,18-08-12,17:01,48 32.552,125 02.033,17:09,48,32.586,125,2.228,17:27,48,32.223,125,3.875,17:32,48 32.298,125 04.248,75,50-60,55,17:14,17:23,100 fm,3.5-4.0,1.5 baskets,-,,southern,48.5431,-125.03713333333333,48.53705,-125.06458333333333,18
14,Sebastes crameri,only eDNA,only eDNA,only eDNA,5.2765153179897,0,0,1,SB,S2,14,18-08-12,17:01,48 32.552,125 02.033,17:09,48,32.586,125,2.228,17:27,48,32.223,125,3.875,17:32,48 32.298,125 04.248,75,50-60,55,17:14,17:23,100 fm,3.5-4.0,1.5 baskets,-,,southern,48.5431,-125.03713333333333,48.53705,-125.06458333333333,18
14,Sebastes mystinus,only eDNA,only eDNA,only eDNA,3,0,0,1,SB,S2,14,18-08-12,17:01,48 32.552,125 02.033,17:09,48,32.586,125,2.228,17:27,48,32.223,125,3.875,17:32,48 32.298,125 04.248,75,50-60,55,17:14,17:23,100 fm,3.5-4.0,1.5 baskets,-,,southern,48.5431,-125.03713333333333,48.53705,-125.06458333333333,18
14,Glyptocephalus zachirus,only eDNA,only eDNA,only eDNA,0.110032955241402,0,0,1,SB,S2,14,18-08-12,17:01,48 32.552,125 02.033,17:09,48,32.586,125,2.228,17:27,48,32.223,125,3.875,17:32,48 32.298,125 04.248,75,50-60,55,17:14,17:23,100 fm,3.5-4.0,1.5 baskets,-,,southern,48.5431,-125.03713333333333,48.53705,-125.06458333333333,18
14,Leptoclinus maculatus,only eDNA,only eDNA,only eDNA,3,0,0,1,SB,S2,14,18-08-12,17:01,48 32.552,125 02.033,17:09,48,32.586,125,2.228,17:27,48,32.223,125,3.875,17:32,48 32.298,125 04.248,75,50-60,55,17:14,17:23,100 fm,3.5-4.0,1.5 baskets,-,,southern,48.5431,-125.03713333333333,48.53705,-125.06458333333333,18
14,Engraulis mordax,only trawl,only trawl,only trawl,0,0.028,1,0,SB,S2,14,18-08-12,17:01,48 32.552,125 02.033,17:09,48,32.586,125,2.228,17:27,48,32.223,125,3.875,17:32,48 32.298,125 04.248,75,50-60,55,17:14,17:23,100 fm,3.5-4.0,1.5 baskets,-,,southern,48.5431,-125.03713333333333,48.53705,-125.06458333333333,18
14,Alosa sapidissima,both eDNA/trawl,only trawl,both eDNA/trawl,0,0.194,1,0,SB,S2,14,18-08-12,17:01,48 32.552,125 02.033,17:09,48,32.586,125,2.228,17:27,48,32.223,125,3.875,17:32,48 32.298,125 04.248,75,50-60,55,17:14,17:23,100 fm,3.5-4.0,1.5 baskets,-,,southern,48.5431,-125.03713333333333,48.53705,-125.06458333333333,18
14,Oncorhynchus gorbuscha,both eDNA/trawl,only eDNA,both eDNA/trawl,5.51609170252277,0,0,1,SB,S2,14,18-08-12,17:01,48 32.552,125 02.033,17:09,48,32.586,125,2.228,17:27,48,32.223,125,3.875,17:32,48 32.298,125 04.248,75,50-60,55,17:14,17:23,100 fm,3.5-4.0,1.5 baskets,-,,southern,48.5431,-125.03713333333333,48.53705,-125.06458333333333,18
14,Oncorhynchus tshawytscha,both eDNA/trawl,only trawl,both eDNA/trawl,0,6.158,1,0,SB,S2,14,18-08-12,17:01,48 32.552,125 02.033,17:09,48,32.586,125,2.228,17:27,48,32.223,125,3.875,17:32,48 32.298,125 04.248,75,50-60,55,17:14,17:23,100 fm,3.5-4.0,1.5 baskets,-,,southern,48.5431,-125.03713333333333,48.53705,-125.06458333333333,18
14,Clupea pallasii,both eDNA/trawl,both eDNA/trawl,both eDNA/trawl,35.9378635403364,4.798,1,1,SB,S2,14,18-08-12,17:01,48 32.552,125 02.033,17:09,48,32.586,125,2.228,17:27,48,32.223,125,3.875,17:32,48 32.298,125 04.248,75,50-60,55,17:14,17:23,100 fm,3.5-4.0,1.5 baskets,-,,southern,48.5431,-125.03713333333333,48.53705,-125.06458333333333,18
14,Oncorhynchus nerka,only eDNA,only eDNA,only eDNA,1.8124772200583,0,0,1,SB,S2,14,18-08-12,17:01,48 32.552,125 02.033,17:09,48,32.586,125,2.228,17:27,48,32.223,125,3.875,17:32,48 32.298,125 04.248,75,50-60,55,17:14,17:23,100 fm,3.5-4.0,1.5 baskets,-,,southern,48.5431,-125.03713333333333,48.53705,-125.06458333333333,18
14,Beringraja binoculata,only eDNA,only eDNA,only eDNA,3,0,0,1,SB,S2,14,18-08-12,17:01,48 32.552,125 02.033,17:09,48,32.586,125,2.228,17:27,48,32.223,125,3.875,17:32,48 32.298,125 04.248,75,50-60,55,17:14,17:23,100 fm,3.5-4.0,1.5 baskets,-,,southern,48.5431,-125.03713333333333,48.53705,-125.06458333333333,18
14,Pholis laeta,only eDNA,only eDNA,only eDNA,3,0,0,1,SB,S2,14,18-08-12,17:01,48 32.552,125 02.033,17:09,48,32.586,125,2.228,17:27,48,32.223,125,3.875,17:32,48 32.298,125 04.248,75,50-60,55,17:14,17:23,100 fm,3.5-4.0,1.5 baskets,-,,southern,48.5431,-125.03713333333333,48.53705,-125.06458333333333,18
14,Phytichthys chirus,only eDNA,only eDNA,only eDNA,2.40122442952034,0,0,1,SB,S2,14,18-08-12,17:01,48 32.552,125 02.033,17:09,48,32.586,125,2.228,17:27,48,32.223,125,3.875,17:32,48 32.298,125 04.248,75,50-60,55,17:14,17:23,100 fm,3.5-4.0,1.5 baskets,-,,southern,48.5431,-125.03713333333333,48.53705,-125.06458333333333,18
14,Squalus suckleyi,both eDNA/trawl,only eDNA,both eDNA/trawl,0.028710905371326,0,0,1,SB,S2,14,18-08-12,17:01,48 32.552,125 02.033,17:09,48,32.586,125,2.228,17:27,48,32.223,125,3.875,17:32,48 32.298,125 04.248,75,50-60,55,17:14,17:23,100 fm,3.5-4.0,1.5 baskets,-,,southern,48.5431,-125.03713333333333,48.53705,-125.06458333333333,18
14,Thaleichthys pacificus,both eDNA/trawl,only eDNA,both eDNA/trawl,1.52964401629557,0,0,1,SB,S2,14,18-08-12,17:01,48 32.552,125 02.033,17:09,48,32.586,125,2.228,17:27,48,32.223,125,3.875,17:32,48 32.298,125 04.248,75,50-60,55,17:14,17:23,100 fm,3.5-4.0,1.5 baskets,-,,southern,48.5431,-125.03713333333333,48.53705,-125.06458333333333,18
16,Sebastes crameri,only eDNA,only eDNA,only eDNA,0.10322989031584,0,0,1,SB,S4,16,18-08-13,15:23,48 37.028,124 56.671,15:32,48,36.999,124,56.913,15:57,48,36.744,124,59.958,16:03,48 36.923,125 00.542,64,20,20,15:35,15:55,43 fm,3.9-5.7,1/4 basket,-,,southern,48.61665,-124.94855,48.6124,-124.9993,25
16,Xiphister atropurpureus/mucosus,only eDNA,only eDNA,only eDNA,0.585062661794669,0,0,1,SB,S4,16,18-08-13,15:23,48 37.028,124 56.671,15:32,48,36.999,124,56.913,15:57,48,36.744,124,59.958,16:03,48 36.923,125 00.542,64,20,20,15:35,15:55,43 fm,3.9-5.7,1/4 basket,-,,southern,48.61665,-124.94855,48.6124,-124.9993,25
16,Merluccius productus,both eDNA/trawl,only eDNA,both eDNA/trawl,4.22327213532865,0,0,1,SB,S4,16,18-08-13,15:23,48 37.028,124 56.671,15:32,48,36.999,124,56.913,15:57,48,36.744,124,59.958,16:03,48 36.923,125 00.542,64,20,20,15:35,15:55,43 fm,3.9-5.7,1/4 basket,-,,southern,48.61665,-124.94855,48.6124,-124.9993,25
16,Oncorhynchus kisutch,both eDNA/trawl,both eDNA/trawl,both eDNA/trawl,2.84104150833243,0.852,1,1,SB,S4,16,18-08-13,15:23,48 37.028,124 56.671,15:32,48,36.999,124,56.913,15:57,48,36.744,124,59.958,16:03,48 36.923,125 00.542,64,20,20,15:35,15:55,43 fm,3.9-5.7,1/4 basket,-,,southern,48.61665,-124.94855,48.6124,-124.9993,25
16,Hippoglossoides elassodon,only eDNA,only eDNA,only eDNA,3,0,0,1,SB,S4,16,18-08-13,15:23,48 37.028,124 56.671,15:32,48,36.999,124,56.913,15:57,48,36.744,124,59.958,16:03,48 36.923,125 00.542,64,20,20,15:35,15:55,43 fm,3.9-5.7,1/4 basket,-,,southern,48.61665,-124.94855,48.6124,-124.9993,25
16,Glyptocephalus zachirus,only eDNA,only eDNA,only eDNA,0.712406459741369,0,0,1,SB,S4,16,18-08-13,15:23,48 37.028,124 56.671,15:32,48,36.999,124,56.913,15:57,48,36.744,124,59.958,16:03,48 36.923,125 00.542,64,20,20,15:35,15:55,43 fm,3.9-5.7,1/4 basket,-,,southern,48.61665,-124.94855,48.6124,-124.9993,25
16,Clupea pallasii,both eDNA/trawl,only eDNA,both eDNA/trawl,94.0467582284523,0,0,1,SB,S4,16,18-08-13,15:23,48 37.028,124 56.671,15:32,48,36.999,124,56.913,15:57,48,36.744,124,59.958,16:03,48 36.923,125 00.542,64,20,20,15:35,15:55,43 fm,3.9-5.7,1/4 basket,-,,southern,48.61665,-124.94855,48.6124,-124.9993,25
16,Sebastes caurinus/maliger,only eDNA,only eDNA,only eDNA,0.891886926979565,0,0,1,SB,S4,16,18-08-13,15:23,48 37.028,124 56.671,15:32,48,36.999,124,56.913,15:57,48,36.744,124,59.958,16:03,48 36.923,125 00.542,64,20,20,15:35,15:55,43 fm,3.9-5.7,1/4 basket,-,,southern,48.61665,-124.94855,48.6124,-124.9993,25
16,Oncorhynchus nerka,only eDNA,only eDNA,only eDNA,1.60454681494451,0,0,1,SB,S4,16,18-08-13,15:23,48 37.028,124 56.671,15:32,48,36.999,124,56.913,15:57,48,36.744,124,59.958,16:03,48 36.923,125 00.542,64,20,20,15:35,15:55,43 fm,3.9-5.7,1/4 basket,-,,southern,48.61665,-124.94855,48.6124,-124.9993,25
16,Eopsetta jordani,only eDNA,only eDNA,only eDNA,4.00503858929263,0,0,1,SB,S4,16,18-08-13,15:23,48 37.028,124 56.671,15:32,48,36.999,124,56.913,15:57,48,36.744,124,59.958,16:03,48 36.923,125 00.542,64,20,20,15:35,15:55,43 fm,3.9-5.7,1/4 basket,-,,southern,48.61665,-124.94855,48.6124,-124.9993,25
16,Oncorhynchus keta,both eDNA/trawl,only eDNA,both eDNA/trawl,0.618727901864243,0,0,1,SB,S4,16,18-08-13,15:23,48 37.028,124 56.671,15:32,48,36.999,124,56.913,15:57,48,36.744,124,59.958,16:03,48 36.923,125 00.542,64,20,20,15:35,15:55,43 fm,3.9-5.7,1/4 basket,-,,southern,48.61665,-124.94855,48.6124,-124.9993,25
16,Thaleichthys pacificus,both eDNA/trawl,only eDNA,both eDNA/trawl,10.8602232171098,0,0,1,SB,S4,16,18-08-13,15:23,48 37.028,124 56.671,15:32,48,36.999,124,56.913,15:57,48,36.744,124,59.958,16:03,48 36.923,125 00.542,64,20,20,15:35,15:55,43 fm,3.9-5.7,1/4 basket,-,,southern,48.61665,-124.94855,48.6124,-124.9993,25
16,Sebastes alutus,only eDNA,only eDNA,only eDNA,3.63443733882001,0,0,1,SB,S4,16,18-08-13,15:23,48 37.028,124 56.671,15:32,48,36.999,124,56.913,15:57,48,36.744,124,59.958,16:03,48 36.923,125 00.542,64,20,20,15:35,15:55,43 fm,3.9-5.7,1/4 basket,-,,southern,48.61665,-124.94855,48.6124,-124.9993,25
16,Phytichthys chirus,only eDNA,only eDNA,only eDNA,9.74696321339509,0,0,1,SB,S4,16,18-08-13,15:23,48 37.028,124 56.671,15:32,48,36.999,124,56.913,15:57,48,36.744,124,59.958,16:03,48 36.923,125 00.542,64,20,20,15:35,15:55,43 fm,3.9-5.7,1/4 basket,-,,southern,48.61665,-124.94855,48.6124,-124.9993,25
16,Anoplopoma fimbria,both eDNA/trawl,only eDNA,only eDNA,0.415399370766117,0,0,1,SB,S4,16,18-08-13,15:23,48 37.028,124 56.671,15:32,48,36.999,124,56.913,15:57,48,36.744,124,59.958,16:03,48 36.923,125 00.542,64,20,20,15:35,15:55,43 fm,3.9-5.7,1/4 basket,-,,southern,48.61665,-124.94855,48.6124,-124.9993,25
16,Oncorhynchus tshawytscha,both eDNA/trawl,only trawl,both eDNA/trawl,0,2.596,1,0,SB,S4,16,18-08-13,15:23,48 37.028,124 56.671,15:32,48,36.999,124,56.913,15:57,48,36.744,124,59.958,16:03,48 36.923,125 00.542,64,20,20,15:35,15:55,43 fm,3.9-5.7,1/4 basket,-,,southern,48.61665,-124.94855,48.6124,-124.9993,25
16,Gadus/chalcogrammus,both eDNA/trawl,only eDNA,both eDNA/trawl,0.951880539572051,0,0,1,SB,S4,16,18-08-13,15:23,48 37.028,124 56.671,15:32,48,36.999,124,56.913,15:57,48,36.744,124,59.958,16:03,48 36.923,125 00.542,64,20,20,15:35,15:55,43 fm,3.9-5.7,1/4 basket,-,,southern,48.61665,-124.94855,48.6124,-124.9993,25
16,Squalus suckleyi,both eDNA/trawl,only eDNA,both eDNA/trawl,1.15053449829406,0,0,1,SB,S4,16,18-08-13,15:23,48 37.028,124 56.671,15:32,48,36.999,124,56.913,15:57,48,36.744,124,59.958,16:03,48 36.923,125 00.542,64,20,20,15:35,15:55,43 fm,3.9-5.7,1/4 basket,-,,southern,48.61665,-124.94855,48.6124,-124.9993,25
16,Oncorhynchus gorbuscha,both eDNA/trawl,only eDNA,both eDNA/trawl,12.2291975969274,0,0,1,SB,S4,16,18-08-13,15:23,48 37.028,124 56.671,15:32,48,36.999,124,56.913,15:57,48,36.744,124,59.958,16:03,48 36.923,125 00.542,64,20,20,15:35,15:55,43 fm,3.9-5.7,1/4 basket,-,,southern,48.61665,-124.94855,48.6124,-124.9993,25
2,Sebastes flavidus,only trawl,only trawl,only trawl,0,10.15,1,0,JS,-,2,18-08-02,0:14,50 29.629,126 29.957,0:22,50,29.627,126,30.214,0:57,50,29.883,126,32.521,1:11,50 30.088,126 33.240,382,120,120,0:28,0:52,,2.7-3.3,-,-,,northern,50.49378333333333,-126.50356666666667,50.49805,-126.54201666666667,35
2,Sebastes caurinus/maliger,only eDNA,only eDNA,only eDNA,3,0,0,1,JS,-,2,18-08-02,0:14,50 29.629,126 29.957,0:22,50,29.627,126,30.214,0:57,50,29.883,126,32.521,1:11,50 30.088,126 33.240,382,120,120,0:28,0:52,,2.7-3.3,-,-,,northern,50.49378333333333,-126.50356666666667,50.49805,-126.54201666666667,35
2,Squalus suckleyi,both eDNA/trawl,both eDNA/trawl,both eDNA/trawl,0.482168279642491,1.718,1,1,JS,-,2,18-08-02,0:14,50 29.629,126 29.957,0:22,50,29.627,126,30.214,0:57,50,29.883,126,32.521,1:11,50 30.088,126 33.240,382,120,120,0:28,0:52,,2.7-3.3,-,-,,northern,50.49378333333333,-126.50356666666667,50.49805,-126.54201666666667,35
2,Clupea pallasii,both eDNA/trawl,both eDNA/trawl,both eDNA/trawl,46.6906815169542,0.028,1,1,JS,-,2,18-08-02,0:14,50 29.629,126 29.957,0:22,50,29.627,126,30.214,0:57,50,29.883,126,32.521,1:11,50 30.088,126 33.240,382,120,120,0:28,0:52,,2.7-3.3,-,-,,northern,50.49378333333333,-126.50356666666667,50.49805,-126.54201666666667,35
2,Merluccius productus,both eDNA/trawl,only eDNA,both eDNA/trawl,1.63169233711487,0,0,1,JS,-,2,18-08-02,0:14,50 29.629,126 29.957,0:22,50,29.627,126,30.214,0:57,50,29.883,126,32.521,1:11,50 30.088,126 33.240,382,120,120,0:28,0:52,,2.7-3.3,-,-,,northern,50.49378333333333,-126.50356666666667,50.49805,-126.54201666666667,35
2,Gadus/chalcogrammus,both eDNA/trawl,only eDNA,both eDNA/trawl,12.0284214665176,0,0,1,JS,-,2,18-08-02,0:14,50 29.629,126 29.957,0:22,50,29.627,126,30.214,0:57,50,29.883,126,32.521,1:11,50 30.088,126 33.240,382,120,120,0:28,0:52,,2.7-3.3,-,-,,northern,50.49378333333333,-126.50356666666667,50.49805,-126.54201666666667,35
2,Thaleichthys pacificus,both eDNA/trawl,only trawl,both eDNA/trawl,0,0.18,1,0,JS,-,2,18-08-02,0:14,50 29.629,126 29.957,0:22,50,29.627,126,30.214,0:57,50,29.883,126,32.521,1:11,50 30.088,126 33.240,382,120,120,0:28,0:52,,2.7-3.3,-,-,,northern,50.49378333333333,-126.50356666666667,50.49805,-126.54201666666667,35
2,Sebastes alutus,only eDNA,only eDNA,only eDNA,6,0,0,1,JS,-,2,18-08-02,0:14,50 29.629,126 29.957,0:22,50,29.627,126,30.214,0:57,50,29.883,126,32.521,1:11,50 30.088,126 33.240,382,120,120,0:28,0:52,,2.7-3.3,-,-,,northern,50.49378333333333,-126.50356666666667,50.49805,-126.54201666666667,35
2,Sebastes entomelas,both eDNA/trawl,only trawl,only trawl,0,0.878,1,0,JS,-,2,18-08-02,0:14,50 29.629,126 29.957,0:22,50,29.627,126,30.214,0:57,50,29.883,126,32.521,1:11,50 30.088,126 33.240,382,120,120,0:28,0:52,,2.7-3.3,-,-,,northern,50.49378333333333,-126.50356666666667,50.49805,-126.54201666666667,35
3,Clupea pallasii,both eDNA/trawl,both eDNA/trawl,both eDNA/trawl,102.556093116722,2.89,1,1,MI,M1,3,18-08-02,15:30,50 41.229,126 52.860,15:39,50,41.253,126,52.961,15:53,50,41.965,126,53.297,16:01,50 42.246,126 53.192,193,100-120,110,15:43,15:50,,3.7-3.9,2 baskets full,-,,northern,50.68755,-126.88268333333333,50.699416666666664,-126.88828333333333,14
3,Gadus/chalcogrammus,both eDNA/trawl,both eDNA/trawl,both eDNA/trawl,0.0300405233866254,0.558,1,1,MI,M1,3,18-08-02,15:30,50 41.229,126 52.860,15:39,50,41.253,126,52.961,15:53,50,41.965,126,53.297,16:01,50 42.246,126 53.192,193,100-120,110,15:43,15:50,,3.7-3.9,2 baskets full,-,,northern,50.68755,-126.88268333333333,50.699416666666664,-126.88828333333333,14
3,Spirinchus starksi,only trawl,only trawl,only trawl,0,0.028,1,0,MI,M1,3,18-08-02,15:30,50 41.229,126 52.860,15:39,50,41.253,126,52.961,15:53,50,41.965,126,53.297,16:01,50 42.246,126 53.192,193,100-120,110,15:43,15:50,,3.7-3.9,2 baskets full,-,,northern,50.68755,-126.88268333333333,50.699416666666664,-126.88828333333333,14
3,Anoplopoma fimbria,both eDNA/trawl,only eDNA,both eDNA/trawl,0.202888854396687,0,0,1,MI,M1,3,18-08-02,15:30,50 41.229,126 52.860,15:39,50,41.253,126,52.961,15:53,50,41.965,126,53.297,16:01,50 42.246,126 53.192,193,100-120,110,15:43,15:50,,3.7-3.9,2 baskets full,-,,northern,50.68755,-126.88268333333333,50.699416666666664,-126.88828333333333,14
3,Merluccius productus,both eDNA/trawl,only eDNA,both eDNA/trawl,4.3037726491415,0,0,1,MI,M1,3,18-08-02,15:30,50 41.229,126 52.860,15:39,50,41.253,126,52.961,15:53,50,41.965,126,53.297,16:01,50 42.246,126 53.192,193,100-120,110,15:43,15:50,,3.7-3.9,2 baskets full,-,,northern,50.68755,-126.88268333333333,50.699416666666664,-126.88828333333333,14
3,Squalus suckleyi,both eDNA/trawl,only trawl,both eDNA/trawl,0,0.806,1,0,MI,M1,3,18-08-02,15:30,50 41.229,126 52.860,15:39,50,41.253,126,52.961,15:53,50,41.965,126,53.297,16:01,50 42.246,126 53.192,193,100-120,110,15:43,15:50,,3.7-3.9,2 baskets full,-,,northern,50.68755,-126.88268333333333,50.699416666666664,-126.88828333333333,14
3,Thaleichthys pacificus,both eDNA/trawl,only trawl,both eDNA/trawl,0,0.044,1,0,MI,M1,3,18-08-02,15:30,50 41.229,126 52.860,15:39,50,41.253,126,52.961,15:53,50,41.965,126,53.297,16:01,50 42.246,126 53.192,193,100-120,110,15:43,15:50,,3.7-3.9,2 baskets full,-,,northern,50.68755,-126.88268333333333,50.699416666666664,-126.88828333333333,14
4,Mallotus villosus,only trawl,only trawl,only trawl,0,1e-04,1,0,MI,M2,4,18-08-02,17:23,50 41.023,126 56.259,17:33,50,40.967,126,56.403,18:04,50,41.741,126,58.626,18:10,50 41.748,126 58.931,165,130-140,135,17:40,18:00,,~3.2,4 baskets,-,,northern,50.68278333333333,-126.94005,50.695683333333335,-126.9771,31
4,Gadus/chalcogrammus,both eDNA/trawl,only trawl,both eDNA/trawl,0,47.206,1,0,MI,M2,4,18-08-02,17:23,50 41.023,126 56.259,17:33,50,40.967,126,56.403,18:04,50,41.741,126,58.626,18:10,50 41.748,126 58.931,165,130-140,135,17:40,18:00,,~3.2,4 baskets,-,,northern,50.68278333333333,-126.94005,50.695683333333335,-126.9771,31
4,Squalus suckleyi,both eDNA/trawl,only trawl,both eDNA/trawl,0,7.882,1,0,MI,M2,4,18-08-02,17:23,50 41.023,126 56.259,17:33,50,40.967,126,56.403,18:04,50,41.741,126,58.626,18:10,50 41.748,126 58.931,165,130-140,135,17:40,18:00,,~3.2,4 baskets,-,,northern,50.68278333333333,-126.94005,50.695683333333335,-126.9771,31
4,Oncorhynchus kisutch,both eDNA/trawl,only trawl,both eDNA/trawl,0,3.188,1,0,MI,M2,4,18-08-02,17:23,50 41.023,126 56.259,17:33,50,40.967,126,56.403,18:04,50,41.741,126,58.626,18:10,50 41.748,126 58.931,165,130-140,135,17:40,18:00,,~3.2,4 baskets,-,,northern,50.68278333333333,-126.94005,50.695683333333335,-126.9771,31
4,Clupea pallasii,both eDNA/trawl,both eDNA/trawl,both eDNA/trawl,105.775193340811,0.182,1,1,MI,M2,4,18-08-02,17:23,50 41.023,126 56.259,17:33,50,40.967,126,56.403,18:04,50,41.741,126,58.626,18:10,50 41.748,126 58.931,165,130-140,135,17:40,18:00,,~3.2,4 baskets,-,,northern,50.68278333333333,-126.94005,50.695683333333335,-126.9771,31
4,Thaleichthys pacificus,both eDNA/trawl,only trawl,both eDNA/trawl,0,3.05,1,0,MI,M2,4,18-08-02,17:23,50 41.023,126 56.259,17:33,50,40.967,126,56.403,18:04,50,41.741,126,58.626,18:10,50 41.748,126 58.931,165,130-140,135,17:40,18:00,,~3.2,4 baskets,-,,northern,50.68278333333333,-126.94005,50.695683333333335,-126.9771,31
4,Merluccius productus,both eDNA/trawl,both eDNA/trawl,both eDNA/trawl,1.93341358300788,0.774,1,1,MI,M2,4,18-08-02,17:23,50 41.023,126 56.259,17:33,50,40.967,126,56.403,18:04,50,41.741,126,58.626,18:10,50 41.748,126 58.931,165,130-140,135,17:40,18:00,,~3.2,4 baskets,-,,northern,50.68278333333333,-126.94005,50.695683333333335,-126.9771,31
5,Clupea pallasii,both eDNA/trawl,both eDNA/trawl,both eDNA/trawl,18,0.02,1,1,JS,-,5,18-08-03,16:07,50 32.130,126 40.264,16:16,50,32.202,126,40.396,16:48,50,31.462,126,38.241,17:05,50 30.993,126 37.756,408,100,100,16:22,16:43,,3,almost 0,-,,northern,50.5367,-126.67326666666666,50.524366666666666,-126.63735,32
5,Sebastes flavidus,only trawl,only trawl,only trawl,0,1.246,1,0,JS,-,5,18-08-03,16:07,50 32.130,126 40.264,16:16,50,32.202,126,40.396,16:48,50,31.462,126,38.241,17:05,50 30.993,126 37.756,408,100,100,16:22,16:43,,3,almost 0,-,,northern,50.5367,-126.67326666666666,50.524366666666666,-126.63735,32
5,Thaleichthys pacificus,both eDNA/trawl,only trawl,both eDNA/trawl,0,0.052,1,0,JS,-,5,18-08-03,16:07,50 32.130,126 40.264,16:16,50,32.202,126,40.396,16:48,50,31.462,126,38.241,17:05,50 30.993,126 37.756,408,100,100,16:22,16:43,,3,almost 0,-,,northern,50.5367,-126.67326666666666,50.524366666666666,-126.63735,32
7,Thaleichthys pacificus,both eDNA/trawl,only trawl,both eDNA/trawl,0,1.52,1,0,JS,J24,7,18-08-04,21:45,50 29.342,126 15.979,21:55,50,29.25,126,16.147,22:30,50,29.23,126,19.043,22:37,50 29.177,126 19.534,371,160,160,22:03,22:23,,~3.5,-,-,,northern,50.4875,-126.26911666666666,50.48716666666667,-126.31738333333334,35
7,Sebastes crameri,only eDNA,only eDNA,only eDNA,3,0,0,1,JS,J24,7,18-08-04,21:45,50 29.342,126 15.979,21:55,50,29.25,126,16.147,22:30,50,29.23,126,19.043,22:37,50 29.177,126 19.534,371,160,160,22:03,22:23,,~3.5,-,-,,northern,50.4875,-126.26911666666666,50.48716666666667,-126.31738333333334,35
7,Squalus suckleyi,both eDNA/trawl,only trawl,both eDNA/trawl,0,7.344,1,0,JS,J24,7,18-08-04,21:45,50 29.342,126 15.979,21:55,50,29.25,126,16.147,22:30,50,29.23,126,19.043,22:37,50 29.177,126 19.534,371,160,160,22:03,22:23,,~3.5,-,-,,northern,50.4875,-126.26911666666666,50.48716666666667,-126.31738333333334,35
7,Clupea pallasii,both eDNA/trawl,only eDNA,both eDNA/trawl,36,0,0,1,JS,J24,7,18-08-04,21:45,50 29.342,126 15.979,21:55,50,29.25,126,16.147,22:30,50,29.23,126,19.043,22:37,50 29.177,126 19.534,371,160,160,22:03,22:23,,~3.5,-,-,,northern,50.4875,-126.26911666666666,50.48716666666667,-126.31738333333334,35
7,Anoplopoma fimbria,both eDNA/trawl,only trawl,both eDNA/trawl,0,0.732,1,0,JS,J24,7,18-08-04,21:45,50 29.342,126 15.979,21:55,50,29.25,126,16.147,22:30,50,29.23,126,19.043,22:37,50 29.177,126 19.534,371,160,160,22:03,22:23,,~3.5,-,-,,northern,50.4875,-126.26911666666666,50.48716666666667,-126.31738333333334,35
7,Oncorhynchus nerka,only eDNA,only eDNA,only eDNA,1.9123643008133,0,0,1,JS,J24,7,18-08-04,21:45,50 29.342,126 15.979,21:55,50,29.25,126,16.147,22:30,50,29.23,126,19.043,22:37,50 29.177,126 19.534,371,160,160,22:03,22:23,,~3.5,-,-,,northern,50.4875,-126.26911666666666,50.48716666666667,-126.31738333333334,35
7,Oncorhynchus kisutch,both eDNA/trawl,only trawl,both eDNA/trawl,0,0.034,1,0,JS,J24,7,18-08-04,21:45,50 29.342,126 15.979,21:55,50,29.25,126,16.147,22:30,50,29.23,126,19.043,22:37,50 29.177,126 19.534,371,160,160,22:03,22:23,,~3.5,-,-,,northern,50.4875,-126.26911666666666,50.48716666666667,-126.31738333333334,35
7,Corphaenidoes sp,only trawl,only trawl,only trawl,0,0.002,1,0,JS,J24,7,18-08-04,21:45,50 29.342,126 15.979,21:55,50,29.25,126,16.147,22:30,50,29.23,126,19.043,22:37,50 29.177,126 19.534,371,160,160,22:03,22:23,,~3.5,-,-,,northern,50.4875,-126.26911666666666,50.48716666666667,-126.31738333333334,35
7,Gadus/chalcogrammus,both eDNA/trawl,only trawl,both eDNA/trawl,0,4.46,1,0,JS,J24,7,18-08-04,21:45,50 29.342,126 15.979,21:55,50,29.25,126,16.147,22:30,50,29.23,126,19.043,22:37,50 29.177,126 19.534,371,160,160,22:03,22:23,,~3.5,-,-,,northern,50.4875,-126.26911666666666,50.48716666666667,-126.31738333333334,35
8,Sebastes entomelas,both eDNA/trawl,only eDNA,only eDNA,0.0489330666685468,0,0,1,JF,F4,8,18-08-08,16:25,48 17.344,123 45.230,16:37,48,17.535,123,45.101,16:55,48,17.236,123,43.965,16:59,48 17.206,123 43.833,174,60,60,16:41,16:55,120 fm,3.2-5.4,big catch (3000 lbs),3 baskets subsampled,Ben added CTD onto trawl net.,southern,48.29225,-123.75168333333333,48.28726666666667,-123.73275,18
8,Oncorhynchus tshawytscha,both eDNA/trawl,only trawl,both eDNA/trawl,0,9.46,1,0,JF,F4,8,18-08-08,16:25,48 17.344,123 45.230,16:37,48,17.535,123,45.101,16:55,48,17.236,123,43.965,16:59,48 17.206,123 43.833,174,60,60,16:41,16:55,120 fm,3.2-5.4,big catch (3000 lbs),3 baskets subsampled,Ben added CTD onto trawl net.,southern,48.29225,-123.75168333333333,48.28726666666667,-123.73275,18
8,Thaleichthys pacificus,both eDNA/trawl,both eDNA/trawl,both eDNA/trawl,2.51722734451176,0.681,1,1,JF,F4,8,18-08-08,16:25,48 17.344,123 45.230,16:37,48,17.535,123,45.101,16:55,48,17.236,123,43.965,16:59,48 17.206,123 43.833,174,60,60,16:41,16:55,120 fm,3.2-5.4,big catch (3000 lbs),3 baskets subsampled,Ben added CTD onto trawl net.,southern,48.29225,-123.75168333333333,48.28726666666667,-123.73275,18
8,Gadus/chalcogrammus,both eDNA/trawl,only trawl,both eDNA/trawl,0,11.15,1,0,JF,F4,8,18-08-08,16:25,48 17.344,123 45.230,16:37,48,17.535,123,45.101,16:55,48,17.236,123,43.965,16:59,48 17.206,123 43.833,174,60,60,16:41,16:55,120 fm,3.2-5.4,big catch (3000 lbs),3 baskets subsampled,Ben added CTD onto trawl net.,southern,48.29225,-123.75168333333333,48.28726666666667,-123.73275,18
8,Sebastes sp,only trawl,only trawl,only trawl,0,1e-04,1,0,JF,F4,8,18-08-08,16:25,48 17.344,123 45.230,16:37,48,17.535,123,45.101,16:55,48,17.236,123,43.965,16:59,48 17.206,123 43.833,174,60,60,16:41,16:55,120 fm,3.2-5.4,big catch (3000 lbs),3 baskets subsampled,Ben added CTD onto trawl net.,southern,48.29225,-123.75168333333333,48.28726666666667,-123.73275,18
8,Clupea pallasii,both eDNA/trawl,both eDNA/trawl,both eDNA/trawl,97.832728770578,3.273,1,1,JF,F4,8,18-08-08,16:25,48 17.344,123 45.230,16:37,48,17.535,123,45.101,16:55,48,17.236,123,43.965,16:59,48 17.206,123 43.833,174,60,60,16:41,16:55,120 fm,3.2-5.4,big catch (3000 lbs),3 baskets subsampled,Ben added CTD onto trawl net.,southern,48.29225,-123.75168333333333,48.28726666666667,-123.73275,18
8,Oncorhynchus keta,both eDNA/trawl,only eDNA,both eDNA/trawl,3,0,0,1,JF,F4,8,18-08-08,16:25,48 17.344,123 45.230,16:37,48,17.535,123,45.101,16:55,48,17.236,123,43.965,16:59,48 17.206,123 43.833,174,60,60,16:41,16:55,120 fm,3.2-5.4,big catch (3000 lbs),3 baskets subsampled,Ben added CTD onto trawl net.,southern,48.29225,-123.75168333333333,48.28726666666667,-123.73275,18
9,Parophrys vetulus,only trawl,only trawl,only trawl,0,0.164,1,0,JF,F7,9,18-08-08,21:56,48 18.950,123 45.401,22:04,48,18.961,123,45.271,22:34,48,19.449,123,46.886,22:41,48 19.389,123 47.266,172,140-120,130,22:10,22:30,210 fm,~2.4,-,-,,southern,48.31601666666667,-123.75451666666666,48.32415,-123.78143333333334,30
9,Oncorhynchus nerka,only eDNA,only eDNA,only eDNA,0.242885099245178,0,0,1,JF,F7,9,18-08-08,21:56,48 18.950,123 45.401,22:04,48,18.961,123,45.271,22:34,48,19.449,123,46.886,22:41,48 19.389,123 47.266,172,140-120,130,22:10,22:30,210 fm,~2.4,-,-,,southern,48.31601666666667,-123.75451666666666,48.32415,-123.78143333333334,30
9,Squalus suckleyi,both eDNA/trawl,only trawl,both eDNA/trawl,0,15.92,1,0,JF,F7,9,18-08-08,21:56,48 18.950,123 45.401,22:04,48,18.961,123,45.271,22:34,48,19.449,123,46.886,22:41,48 19.389,123 47.266,172,140-120,130,22:10,22:30,210 fm,~2.4,-,-,,southern,48.31601666666667,-123.75451666666666,48.32415,-123.78143333333334,30
9,Thaleichthys pacificus,both eDNA/trawl,both eDNA/trawl,both eDNA/trawl,0.801346058365974,1.584,1,1,JF,F7,9,18-08-08,21:56,48 18.950,123 45.401,22:04,48,18.961,123,45.271,22:34,48,19.449,123,46.886,22:41,48 19.389,123 47.266,172,140-120,130,22:10,22:30,210 fm,~2.4,-,-,,southern,48.31601666666667,-123.75451666666666,48.32415,-123.78143333333334,30
9,Clupea pallasii,both eDNA/trawl,both eDNA/trawl,both eDNA/trawl,96.2281231408721,3.488,1,1,JF,F7,9,18-08-08,21:56,48 18.950,123 45.401,22:04,48,18.961,123,45.271,22:34,48,19.449,123,46.886,22:41,48 19.389,123 47.266,172,140-120,130,22:10,22:30,210 fm,~2.4,-,-,,southern,48.31601666666667,-123.75451666666666,48.32415,-123.78143333333334,30
9,Sebastes crameri,only eDNA,only eDNA,only eDNA,3,0,0,1,JF,F7,9,18-08-08,21:56,48 18.950,123 45.401,22:04,48,18.961,123,45.271,22:34,48,19.449,123,46.886,22:41,48 19.389,123 47.266,172,140-120,130,22:10,22:30,210 fm,~2.4,-,-,,southern,48.31601666666667,-123.75451666666666,48.32415,-123.78143333333334,30
9,Oncorhynchus tshawytscha,both eDNA/trawl,only trawl,both eDNA/trawl,0,0.88,1,0,JF,F7,9,18-08-08,21:56,48 18.950,123 45.401,22:04,48,18.961,123,45.271,22:34,48,19.449,123,46.886,22:41,48 19.389,123 47.266,172,140-120,130,22:10,22:30,210 fm,~2.4,-,-,,southern,48.31601666666667,-123.75451666666666,48.32415,-123.78143333333334,30
9,Gadus/chalcogrammus,both eDNA/trawl,only trawl,both eDNA/trawl,0,25.495,1,0,JF,F7,9,18-08-08,21:56,48 18.950,123 45.401,22:04,48,18.961,123,45.271,22:34,48,19.449,123,46.886,22:41,48 19.389,123 47.266,172,140-120,130,22:10,22:30,210 fm,~2.4,-,-,,southern,48.31601666666667,-123.75451666666666,48.32415,-123.78143333333334,30
9,Merluccius productus,both eDNA/trawl,both eDNA/trawl,both eDNA/trawl,4.83664907101568,39.702,1,1,JF,F7,9,18-08-08,21:56,48 18.950,123 45.401,22:04,48,18.961,123,45.271,22:34,48,19.449,123,46.886,22:41,48 19.389,123 47.266,172,140-120,130,22:10,22:30,210 fm,~2.4,-,-,,southern,48.31601666666667,-123.75451666666666,48.32415,-123.78143333333334,30
9,Anoplopoma fimbria,both eDNA/trawl,only eDNA,only eDNA,0.436156761983642,0,0,1,JF,F7,9,18-08-08,21:56,48 18.950,123 45.401,22:04,48,18.961,123,45.271,22:34,48,19.449,123,46.886,22:41,48 19.389,123 47.266,172,140-120,130,22:10,22:30,210 fm,~2.4,-,-,,southern,48.31601666666667,-123.75451666666666,48.32415,-123.78143333333334,30
9,Reinhardtius hippoglossoides,only trawl,only trawl,only trawl,0,3.034,1,0,JF,F7,9,18-08-08,21:56,48 18.950,123 45.401,22:04,48,18.961,123,45.271,22:34,48,19.449,123,46.886,22:41,48 19.389,123 47.266,172,140-120,130,22:10,22:30,210 fm,~2.4,-,-,,southern,48.31601666666667,-123.75451666666666,48.32415,-123.78143333333334,30
